generation,min_cost,mean_cost,best_cost,simulation_time
1,17.84,18.4304,17.84,17.84
2,17.16,18.1312,17.16,17.16
3,16.88,17.896800000000002,16.88,16.88
4,16.64,17.732,16.64,16.64
5,16.16,17.356,16.16,16.16
6,16.080000000000002,17.2608,16.080000000000002,16.080000000000002
7,16.16,17.404,16.080000000000002,16.080000000000002
8,16.299999999999997,17.1496,16.080000000000002,16.080000000000002
9,16.04,17.292,16.04,16.04
10,15.88,17.0056,15.88,15.88
11,16.0,16.8792,15.88,15.88
12,15.22,16.7384,15.22,15.22
13,15.72,16.715999999999998,15.22,15.22
14,14.86,16.4488,14.86,14.86
15,15.38,16.172000000000004,14.86,14.86
16,15.52,16.4232,14.86,14.86
17,15.1,16.386400000000002,14.86,14.86
18,14.84,16.128,14.84,14.84
19,13.959999999999999,16.176000000000002,13.959999999999999,13.959999999999999
20,14.96,16.546400000000002,13.959999999999999,13.959999999999999
21,14.340000000000002,16.290399999999998,13.959999999999999,13.959999999999999
22,13.120000000000001,16.1352,13.120000000000001,13.120000000000001
23,14.2,15.870400000000002,13.120000000000001,13.120000000000001
24,15.02,16.031999999999996,13.120000000000001,13.120000000000001
25,14.020000000000001,16.125600000000002,13.120000000000001,13.120000000000001
26,13.639999999999999,16.08,13.120000000000001,13.120000000000001
27,13.799999999999999,16.4152,13.120000000000001,13.120000000000001
28,14.180000000000001,16.7328,13.120000000000001,13.120000000000001
29,13.780000000000001,16.0504,13.120000000000001,13.120000000000001
30,14.68,15.9136,13.120000000000001,13.120000000000001
31,14.76,16.031200000000002,13.120000000000001,13.120000000000001
32,14.82,15.66,13.120000000000001,13.120000000000001
33,13.279999999999998,15.5056,13.120000000000001,13.120000000000001
34,12.58,15.616799999999998,12.58,12.58
35,12.620000000000001,15.576800000000002,12.58,12.58
36,14.58,16.0296,12.58,12.58
37,14.64,16.093600000000002,12.58,12.58
38,14.060000000000002,15.7,12.58,12.58
39,14.64,15.988800000000001,12.58,12.58
40,15.04,15.8912,12.58,12.58
41,13.260000000000002,15.4912,12.58,12.58
42,14.020000000000001,15.513600000000002,12.58,12.58
43,12.98,15.328,12.58,12.58
44,13.08,15.911999999999999,12.58,12.58
45,12.5,15.291999999999998,12.5,12.5
46,12.66,16.0456,12.5,12.5
47,12.96,15.293600000000001,12.5,12.5
48,13.120000000000001,15.808,12.5,12.5
49,13.02,15.0568,12.5,12.5
50,14.6,16.393600000000003,12.5,12.5
51,14.260000000000002,15.8792,12.5,12.5
52,13.5,15.453600000000002,12.5,12.5
53,13.860000000000001,15.8752,12.5,12.5
54,13.759999999999998,15.936,12.5,12.5
55,13.540000000000001,16.0528,12.5,12.5
56,13.620000000000001,15.527999999999999,12.5,12.5
57,13.239999999999998,15.8736,12.5,12.5
58,14.060000000000002,15.7416,12.5,12.5
59,13.02,15.276,12.5,12.5
60,12.68,15.243200000000002,12.5,12.5
61,13.700000000000001,15.7568,12.5,12.5
62,12.46,15.6448,12.46,12.46
63,15.04,15.82,12.46,12.46
64,13.82,15.52,12.46,12.46
65,14.94,15.611999999999998,12.46,12.46
66,13.319999999999999,15.495999999999999,12.46,12.46
67,14.28,15.527999999999999,12.46,12.46
68,13.620000000000001,15.346400000000001,12.46,12.46
69,13.279999999999998,15.976,12.46,12.46
70,14.36,15.976,12.46,12.46
71,14.48,15.7696,12.46,12.46
72,13.700000000000001,15.7192,12.46,12.46
73,13.620000000000001,15.251999999999999,12.46,12.46
74,14.399999999999999,15.7904,12.46,12.46
75,13.799999999999999,15.398399999999999,12.46,12.46
76,12.8,15.444,12.46,12.46
77,12.86,15.9048,12.46,12.46
78,12.68,15.3576,12.46,12.46
79,13.279999999999998,15.471200000000001,12.46,12.46
80,13.759999999999998,15.7696,12.46,12.46
81,13.38,16.365599999999997,12.46,12.46
82,13.420000000000002,15.833599999999999,12.46,12.46
83,13.36,15.8216,12.46,12.46
84,14.14,15.2328,12.46,12.46
85,12.7,15.6632,12.46,12.46
86,13.439999999999998,15.424000000000001,12.46,12.46
87,14.68,15.820799999999998,12.46,12.46
88,13.700000000000001,15.791199999999998,12.46,12.46
89,12.88,15.4696,12.46,12.46
90,12.52,15.486399999999998,12.46,12.46
91,13.52,15.836000000000002,12.46,12.46
92,13.0,15.3496,12.46,12.46
93,12.48,15.4976,12.46,12.46
94,12.66,15.5288,12.46,12.46
95,12.5,15.4464,12.46,12.46
96,12.92,15.3424,12.46,12.46
97,12.86,15.646399999999998,12.46,12.46
98,14.180000000000001,15.356799999999998,12.46,12.46
99,13.919999999999998,15.7528,12.46,12.46
100,13.06,15.2808,12.46,12.46
101,12.6,14.9504,12.46,12.46
102,12.74,15.347999999999999,12.46,12.46
103,13.08,15.576,12.46,12.46
104,14.14,15.427199999999997,12.46,12.46
105,13.46,15.510399999999999,12.46,12.46
106,13.84,15.529599999999999,12.46,12.46
107,14.220000000000002,15.468000000000002,12.46,12.46
108,12.940000000000001,15.8384,12.46,12.46
109,14.92,16.000799999999998,12.46,12.46
110,13.46,15.3048,12.46,12.46
111,13.319999999999999,15.42,12.46,12.46
112,14.260000000000002,15.405600000000002,12.46,12.46
113,13.040000000000001,15.332799999999999,12.46,12.46
114,12.940000000000001,15.139199999999999,12.46,12.46
115,13.68,15.226400000000002,12.46,12.46
116,13.900000000000002,15.273599999999998,12.46,12.46
117,13.239999999999998,15.593600000000002,12.46,12.46
118,13.599999999999998,15.907199999999998,12.46,12.46
119,15.04,16.348000000000003,12.46,12.46
120,14.3,15.420000000000002,12.46,12.46
121,14.12,15.260800000000001,12.46,12.46
122,14.719999999999999,15.496000000000002,12.46,12.46
123,12.46,15.228800000000001,12.46,12.46
124,14.28,15.6976,12.46,12.46
125,12.52,15.579199999999998,12.46,12.46
126,14.239999999999998,15.915999999999999,12.46,12.46
127,13.940000000000001,15.804799999999998,12.46,12.46
128,14.86,15.4328,12.46,12.46
129,12.6,15.427200000000001,12.46,12.46
130,14.260000000000002,16.313599999999997,12.46,12.46
131,14.78,16.0104,12.46,12.46
132,13.46,15.536000000000001,12.46,12.46
133,14.079999999999998,15.836000000000002,12.46,12.46
134,12.98,15.1032,12.46,12.46
135,13.479999999999999,15.3408,12.46,12.46
136,12.54,15.101599999999998,12.46,12.46
137,12.620000000000001,15.3488,12.46,12.46
138,12.44,14.974400000000001,12.44,12.44
139,12.64,15.2752,12.44,12.44
140,12.74,15.160000000000002,12.44,12.44
141,13.159999999999998,15.2296,12.44,12.44
142,13.120000000000001,15.187200000000002,12.44,12.44
143,12.940000000000001,15.1664,12.44,12.44
144,13.82,15.361600000000001,12.44,12.44
145,13.06,15.404000000000002,12.44,12.44
146,14.3,15.7216,12.44,12.44
147,14.3,15.492,12.44,12.44
148,14.64,15.484000000000002,12.44,12.44
149,12.7,14.9736,12.44,12.44
150,13.34,15.0128,12.44,12.44
151,12.56,15.188000000000002,12.44,12.44
152,13.780000000000001,15.2072,12.44,12.44
153,13.06,15.0048,12.44,12.44
154,13.559999999999999,15.035200000000001,12.44,12.44
155,12.620000000000001,15.128,12.44,12.44
156,12.8,15.2048,12.44,12.44
157,13.599999999999998,15.288,12.44,12.44
158,12.76,14.7592,12.44,12.44
159,12.6,14.933600000000002,12.44,12.44
160,13.84,15.249600000000003,12.44,12.44
161,13.580000000000002,15.084000000000001,12.44,12.44
162,12.379999999999999,14.776800000000001,12.379999999999999,12.379999999999999
163,12.940000000000001,15.060799999999999,12.379999999999999,12.379999999999999
164,13.799999999999999,15.131999999999998,12.379999999999999,12.379999999999999
165,13.46,15.099200000000002,12.379999999999999,12.379999999999999
166,13.599999999999998,15.083999999999998,12.379999999999999,12.379999999999999
167,13.18,15.0656,12.379999999999999,12.379999999999999
168,14.12,15.3352,12.379999999999999,12.379999999999999
169,12.44,14.9704,12.379999999999999,12.379999999999999
170,13.46,15.039200000000001,12.379999999999999,12.379999999999999
171,12.58,14.951199999999998,12.379999999999999,12.379999999999999
172,12.8,14.937599999999998,12.379999999999999,12.379999999999999
173,13.540000000000001,15.2528,12.379999999999999,12.379999999999999
174,12.52,15.042399999999997,12.379999999999999,12.379999999999999
175,12.58,15.224799999999998,12.379999999999999,12.379999999999999
176,13.14,15.154399999999999,12.379999999999999,12.379999999999999
177,13.940000000000001,15.1272,12.379999999999999,12.379999999999999
178,12.46,14.863199999999999,12.379999999999999,12.379999999999999
179,13.239999999999998,15.0856,12.379999999999999,12.379999999999999
180,12.56,14.841600000000001,12.379999999999999,12.379999999999999
181,12.48,14.888,12.379999999999999,12.379999999999999
182,12.64,14.970400000000001,12.379999999999999,12.379999999999999
183,12.6,15.104,12.379999999999999,12.379999999999999
184,13.620000000000001,15.1744,12.379999999999999,12.379999999999999
185,12.58,15.099199999999998,12.379999999999999,12.379999999999999
186,12.780000000000001,15.1896,12.379999999999999,12.379999999999999
187,12.6,14.803200000000002,12.379999999999999,12.379999999999999
188,12.72,14.9144,12.379999999999999,12.379999999999999
189,13.100000000000001,15.285600000000002,12.379999999999999,12.379999999999999
190,12.54,14.9024,12.379999999999999,12.379999999999999
191,12.940000000000001,15.175999999999998,12.379999999999999,12.379999999999999
192,12.58,15.056000000000001,12.379999999999999,12.379999999999999
193,12.64,14.8352,12.379999999999999,12.379999999999999
194,13.780000000000001,15.0704,12.379999999999999,12.379999999999999
195,13.38,15.1744,12.379999999999999,12.379999999999999
196,12.6,15.134400000000001,12.379999999999999,12.379999999999999
197,12.620000000000001,14.773599999999998,12.379999999999999,12.379999999999999
198,12.46,14.9528,12.379999999999999,12.379999999999999
199,12.620000000000001,14.8376,12.379999999999999,12.379999999999999
200,12.6,15.031200000000002,12.379999999999999,12.379999999999999
201,12.6,15.099200000000002,12.379999999999999,12.379999999999999
202,12.92,15.4648,12.379999999999999,12.379999999999999
203,12.8,15.1264,12.379999999999999,12.379999999999999
204,13.599999999999998,14.9544,12.379999999999999,12.379999999999999
205,13.22,14.964,12.379999999999999,12.379999999999999
206,13.159999999999998,15.076799999999999,12.379999999999999,12.379999999999999
207,12.72,14.8408,12.379999999999999,12.379999999999999
208,12.379999999999999,14.998399999999998,12.379999999999999,12.379999999999999
209,13.399999999999999,15.062399999999998,12.379999999999999,12.379999999999999
210,12.620000000000001,14.785599999999999,12.379999999999999,12.379999999999999
211,12.66,14.933600000000002,12.379999999999999,12.379999999999999
212,13.260000000000002,14.9376,12.379999999999999,12.379999999999999
213,12.6,14.8704,12.379999999999999,12.379999999999999
214,12.8,14.9464,12.379999999999999,12.379999999999999
215,12.82,15.1104,12.379999999999999,12.379999999999999
216,13.46,15.211199999999998,12.379999999999999,12.379999999999999
217,12.76,14.94,12.379999999999999,12.379999999999999
218,12.44,15.199200000000001,12.379999999999999,12.379999999999999
219,12.64,15.0456,12.379999999999999,12.379999999999999
220,13.3,15.092799999999997,12.379999999999999,12.379999999999999
221,13.260000000000002,14.9368,12.379999999999999,12.379999999999999
222,12.56,15.1536,12.379999999999999,12.379999999999999
223,12.8,14.890400000000001,12.379999999999999,12.379999999999999
224,12.56,14.7336,12.379999999999999,12.379999999999999
225,12.42,14.900799999999998,12.379999999999999,12.379999999999999
226,12.620000000000001,14.800799999999999,12.379999999999999,12.379999999999999
227,12.56,14.9152,12.379999999999999,12.379999999999999
228,12.72,15.0552,12.379999999999999,12.379999999999999
229,12.66,15.094399999999998,12.379999999999999,12.379999999999999
230,12.88,14.8264,12.379999999999999,12.379999999999999
231,13.040000000000001,14.6528,12.379999999999999,12.379999999999999
232,13.540000000000001,14.962399999999997,12.379999999999999,12.379999999999999
233,12.42,14.630399999999998,12.379999999999999,12.379999999999999
234,14.12,15.2744,12.379999999999999,12.379999999999999
235,12.4,15.048799999999998,12.379999999999999,12.379999999999999
236,13.08,15.163200000000002,12.379999999999999,12.379999999999999
237,12.620000000000001,14.909600000000001,12.379999999999999,12.379999999999999
238,12.74,14.8472,12.379999999999999,12.379999999999999
239,12.620000000000001,15.0032,12.379999999999999,12.379999999999999
240,12.5,14.992799999999999,12.379999999999999,12.379999999999999
241,12.620000000000001,14.8408,12.379999999999999,12.379999999999999
242,12.64,14.752,12.379999999999999,12.379999999999999
243,12.620000000000001,14.808,12.379999999999999,12.379999999999999
244,12.48,14.876,12.379999999999999,12.379999999999999
245,12.6,14.716000000000001,12.379999999999999,12.379999999999999
246,12.940000000000001,15.170399999999997,12.379999999999999,12.379999999999999
247,13.559999999999999,15.2424,12.379999999999999,12.379999999999999
248,12.780000000000001,15.200800000000001,12.379999999999999,12.379999999999999
249,12.74,15.102399999999998,12.379999999999999,12.379999999999999
250,12.7,14.6264,12.379999999999999,12.379999999999999
251,12.52,14.738400000000002,12.379999999999999,12.379999999999999
252,13.239999999999998,14.927200000000001,12.379999999999999,12.379999999999999
253,12.68,14.6944,12.379999999999999,12.379999999999999
254,14.020000000000001,15.350399999999997,12.379999999999999,12.379999999999999
255,12.56,15.178400000000002,12.379999999999999,12.379999999999999
256,12.88,15.052,12.379999999999999,12.379999999999999
257,12.6,14.838400000000002,12.379999999999999,12.379999999999999
258,12.46,15.026399999999999,12.379999999999999,12.379999999999999
259,13.3,15.056000000000001,12.379999999999999,12.379999999999999
260,14.020000000000001,15.2472,12.379999999999999,12.379999999999999
261,12.48,15.124,12.379999999999999,12.379999999999999
262,12.6,15.169599999999997,12.379999999999999,12.379999999999999
263,12.56,14.831199999999999,12.379999999999999,12.379999999999999
264,13.22,15.1352,12.379999999999999,12.379999999999999
265,12.56,14.904000000000002,12.379999999999999,12.379999999999999
266,12.72,14.823200000000002,12.379999999999999,12.379999999999999
267,12.76,14.7904,12.379999999999999,12.379999999999999
268,12.74,15.076800000000002,12.379999999999999,12.379999999999999
269,12.76,14.9592,12.379999999999999,12.379999999999999
270,12.620000000000001,15.402400000000002,12.379999999999999,12.379999999999999
271,12.68,14.8264,12.379999999999999,12.379999999999999
272,12.46,14.9072,12.379999999999999,12.379999999999999
273,13.399999999999999,15.339999999999998,12.379999999999999,12.379999999999999
274,13.479999999999999,14.803999999999998,12.379999999999999,12.379999999999999
275,12.98,14.9696,12.379999999999999,12.379999999999999
276,12.54,15.025599999999999,12.379999999999999,12.379999999999999
277,12.64,15.0776,12.379999999999999,12.379999999999999
278,13.5,14.78,12.379999999999999,12.379999999999999
279,13.439999999999998,15.2176,12.379999999999999,12.379999999999999
280,12.96,15.18,12.379999999999999,12.379999999999999
281,12.82,14.684,12.379999999999999,12.379999999999999
282,13.559999999999999,15.043999999999999,12.379999999999999,12.379999999999999
283,12.66,15.135200000000003,12.379999999999999,12.379999999999999
284,12.84,15.031999999999998,12.379999999999999,12.379999999999999
285,12.68,14.832,12.379999999999999,12.379999999999999
286,14.060000000000002,15.0296,12.379999999999999,12.379999999999999
287,12.48,14.871200000000002,12.379999999999999,12.379999999999999
288,13.14,14.8384,12.379999999999999,12.379999999999999
289,12.7,14.684000000000001,12.379999999999999,12.379999999999999
290,12.64,14.9168,12.379999999999999,12.379999999999999
291,12.5,15.087999999999997,12.379999999999999,12.379999999999999
292,12.46,14.748800000000001,12.379999999999999,12.379999999999999
293,12.780000000000001,14.7024,12.379999999999999,12.379999999999999
294,12.5,15.046399999999998,12.379999999999999,12.379999999999999
295,12.5,14.8464,12.379999999999999,12.379999999999999
296,12.56,14.944,12.379999999999999,12.379999999999999
297,12.74,14.928799999999999,12.379999999999999,12.379999999999999
298,13.120000000000001,15.3384,12.379999999999999,12.379999999999999
299,12.56,14.772,12.379999999999999,12.379999999999999
300,12.6,15.1328,12.379999999999999,12.379999999999999
301,13.2,14.9312,12.379999999999999,12.379999999999999
302,12.66,15.036799999999998,12.379999999999999,12.379999999999999
303,12.66,15.012,12.379999999999999,12.379999999999999
304,12.44,14.8072,12.379999999999999,12.379999999999999
305,12.58,14.930399999999999,12.379999999999999,12.379999999999999
306,12.54,14.943200000000001,12.379999999999999,12.379999999999999
307,12.6,15.098400000000002,12.379999999999999,12.379999999999999
308,13.940000000000001,15.1568,12.379999999999999,12.379999999999999
309,13.319999999999999,14.773599999999998,12.379999999999999,12.379999999999999
310,12.64,14.898399999999999,12.379999999999999,12.379999999999999
311,12.6,15.084000000000001,12.379999999999999,12.379999999999999
312,12.8,15.136000000000001,12.379999999999999,12.379999999999999
313,13.34,15.172000000000002,12.379999999999999,12.379999999999999
314,12.58,15.260800000000001,12.379999999999999,12.379999999999999
315,13.620000000000001,15.1184,12.379999999999999,12.379999999999999
316,13.36,15.193599999999998,12.379999999999999,12.379999999999999
317,12.46,14.767999999999999,12.379999999999999,12.379999999999999
318,12.780000000000001,14.764,12.379999999999999,12.379999999999999
319,12.92,15.047199999999998,12.379999999999999,12.379999999999999
320,12.6,14.7664,12.379999999999999,12.379999999999999
321,12.76,14.9608,12.379999999999999,12.379999999999999
322,13.719999999999999,15.1624,12.379999999999999,12.379999999999999
323,12.52,14.8688,12.379999999999999,12.379999999999999
324,13.98,15.0448,12.379999999999999,12.379999999999999
325,13.14,15.216,12.379999999999999,12.379999999999999
326,12.52,15.133600000000001,12.379999999999999,12.379999999999999
327,13.120000000000001,14.984000000000002,12.379999999999999,12.379999999999999
328,12.46,14.890399999999998,12.379999999999999,12.379999999999999
329,12.620000000000001,15.0464,12.379999999999999,12.379999999999999
330,12.48,14.5416,12.379999999999999,12.379999999999999
331,13.900000000000002,15.137599999999999,12.379999999999999,12.379999999999999
332,12.58,14.6496,12.379999999999999,12.379999999999999
333,12.74,14.806400000000002,12.379999999999999,12.379999999999999
334,12.68,15.0792,12.379999999999999,12.379999999999999
335,13.260000000000002,15.3176,12.379999999999999,12.379999999999999
336,12.5,15.1552,12.379999999999999,12.379999999999999
337,12.82,14.779199999999998,12.379999999999999,12.379999999999999
338,12.92,15.0152,12.379999999999999,12.379999999999999
339,12.58,15.048,12.379999999999999,12.379999999999999
340,12.54,14.888000000000002,12.379999999999999,12.379999999999999
341,12.66,14.9888,12.379999999999999,12.379999999999999
342,13.559999999999999,15.220800000000002,12.379999999999999,12.379999999999999
343,12.6,15.0144,12.379999999999999,12.379999999999999
344,12.6,14.712,12.379999999999999,12.379999999999999
345,13.260000000000002,15.099200000000002,12.379999999999999,12.379999999999999
346,13.740000000000002,15.069600000000001,12.379999999999999,12.379999999999999
347,12.64,14.972800000000001,12.379999999999999,12.379999999999999
348,12.48,15.180800000000001,12.379999999999999,12.379999999999999
349,13.700000000000001,14.876000000000001,12.379999999999999,12.379999999999999
350,13.120000000000001,15.0048,12.379999999999999,12.379999999999999
351,12.64,14.749600000000001,12.379999999999999,12.379999999999999
352,12.36,14.6024,12.36,12.36
353,12.620000000000001,14.7576,12.36,12.36
354,12.6,14.92,12.36,12.36
355,12.56,14.804799999999998,12.36,12.36
356,12.6,14.668800000000001,12.36,12.36
357,12.64,15.0,12.36,12.36
358,12.6,14.7552,12.36,12.36
359,12.44,14.841599999999998,12.36,12.36
360,13.399999999999999,15.0264,12.36,12.36
361,12.9,15.0472,12.36,12.36
362,12.56,14.784,12.36,12.36
363,12.7,14.7632,12.36,12.36
364,12.5,14.755999999999998,12.36,12.36
365,12.46,14.810399999999998,12.36,12.36
366,12.54,14.804799999999998,12.36,12.36
367,12.42,14.625600000000002,12.36,12.36
368,12.6,14.8936,12.36,12.36
369,12.48,14.5144,12.36,12.36
370,12.44,14.711200000000002,12.36,12.36
371,13.260000000000002,14.761599999999998,12.36,12.36
372,13.040000000000001,15.0024,12.36,12.36
373,12.940000000000001,14.66,12.36,12.36
374,12.42,14.560000000000002,12.36,12.36
375,12.44,14.754399999999999,12.36,12.36
376,12.52,14.724,12.36,12.36
377,12.66,14.9536,12.36,12.36
378,12.66,14.8128,12.36,12.36
379,12.9,14.7528,12.36,12.36
380,12.4,14.6248,12.36,12.36
381,12.6,14.516000000000002,12.36,12.36
382,12.620000000000001,14.6488,12.36,12.36
383,12.4,14.314400000000001,12.36,12.36
384,12.56,14.628800000000002,12.36,12.36
385,12.5,14.756000000000002,12.36,12.36
386,12.66,14.696,12.36,12.36
387,12.6,14.5032,12.36,12.36
388,13.3,14.9224,12.36,12.36
389,12.6,14.5984,12.36,12.36
390,12.56,14.696800000000001,12.36,12.36
391,12.620000000000001,14.631200000000002,12.36,12.36
392,13.08,14.871999999999998,12.36,12.36
393,12.7,14.773600000000002,12.36,12.36
394,12.9,15.0576,12.36,12.36
395,12.5,14.6472,12.36,12.36
396,12.82,14.876799999999998,12.36,12.36
397,13.959999999999999,14.9656,12.36,12.36
398,12.82,14.911200000000001,12.36,12.36
399,12.6,14.5352,12.36,12.36
400,12.6,14.818399999999999,12.36,12.36
401,12.48,14.7656,12.36,12.36
402,13.22,14.9384,12.36,12.36
403,12.620000000000001,14.666400000000001,12.36,12.36
404,12.940000000000001,14.9368,12.36,12.36
405,12.5,14.912,12.36,12.36
406,12.52,14.637599999999999,12.36,12.36
407,14.0,15.0216,12.36,12.36
408,12.56,14.816,12.36,12.36
409,12.6,14.744000000000002,12.36,12.36
410,12.74,14.9256,12.36,12.36
411,12.6,14.6336,12.36,12.36
412,12.54,14.8456,12.36,12.36
413,12.64,14.7224,12.36,12.36
414,12.620000000000001,14.7176,12.36,12.36
415,13.0,14.860800000000001,12.36,12.36
416,13.319999999999999,14.976,12.36,12.36
417,13.420000000000002,14.784,12.36,12.36
418,12.58,14.4544,12.36,12.36
419,12.620000000000001,14.6152,12.36,12.36
420,13.46,14.718399999999999,12.36,12.36
421,12.68,14.891200000000001,12.36,12.36
422,13.639999999999999,14.796000000000001,12.36,12.36
423,12.6,14.781600000000001,12.36,12.36
424,12.44,14.1776,12.36,12.36
425,12.56,14.708,12.36,12.36
426,12.46,14.2608,12.36,12.36
427,13.580000000000002,14.739199999999999,12.36,12.36
428,12.620000000000001,14.3704,12.36,12.36
429,12.9,14.619200000000001,12.36,12.36
430,12.6,14.6552,12.36,12.36
431,12.76,14.596000000000002,12.36,12.36
432,12.6,14.6416,12.36,12.36
433,12.620000000000001,14.812000000000001,12.36,12.36
434,12.6,14.530400000000002,12.36,12.36
435,12.52,14.895199999999999,12.36,12.36
436,12.66,14.587200000000001,12.36,12.36
437,13.08,14.639999999999997,12.36,12.36
438,12.46,14.9616,12.36,12.36
439,12.54,14.8608,12.36,12.36
440,13.940000000000001,15.035200000000001,12.36,12.36
441,13.040000000000001,14.6432,12.36,12.36
442,12.52,14.4664,12.36,12.36
443,12.56,14.378400000000001,12.36,12.36
444,13.22,14.8104,12.36,12.36
445,13.100000000000001,14.908800000000001,12.36,12.36
446,13.66,14.681599999999996,12.36,12.36
447,12.5,14.169599999999997,12.36,12.36
448,12.48,14.6512,12.36,12.36
449,12.36,14.271199999999999,12.36,12.36
450,13.420000000000002,14.765600000000001,12.36,12.36
451,12.6,14.734399999999999,12.36,12.36
452,12.620000000000001,14.864799999999997,12.36,12.36
453,12.72,14.637599999999997,12.36,12.36
454,12.74,14.888799999999998,12.36,12.36
455,12.6,14.463999999999999,12.36,12.36
456,12.6,14.711199999999998,12.36,12.36
457,12.620000000000001,14.654399999999999,12.36,12.36
458,12.6,14.750400000000003,12.36,12.36
459,12.6,14.752800000000002,12.36,12.36
460,12.44,14.566400000000002,12.36,12.36
461,12.74,14.3272,12.36,12.36
462,12.76,14.6096,12.36,12.36
463,12.5,14.329600000000001,12.36,12.36
464,12.44,14.416000000000002,12.36,12.36
465,13.18,14.663999999999998,12.36,12.36
466,12.54,14.494399999999999,12.36,12.36
467,12.58,14.475999999999999,12.36,12.36
468,12.74,14.575200000000002,12.36,12.36
469,12.379999999999999,14.220800000000002,12.36,12.36
470,12.72,14.375199999999998,12.36,12.36
471,12.46,14.5096,12.36,12.36
472,12.780000000000001,14.7976,12.36,12.36
473,12.780000000000001,14.74,12.36,12.36
474,12.4,14.331199999999999,12.36,12.36
475,12.4,14.564799999999998,12.36,12.36
476,12.46,14.579200000000004,12.36,12.36
477,12.46,14.435200000000002,12.36,12.36
478,13.5,14.892799999999998,12.36,12.36
479,12.6,14.4816,12.36,12.36
480,12.42,14.374400000000001,12.36,12.36
481,12.5,14.443999999999999,12.36,12.36
482,12.66,14.72,12.36,12.36
483,12.64,14.7288,12.36,12.36
484,12.64,14.1984,12.36,12.36
485,12.6,14.5984,12.36,12.36
486,13.439999999999998,14.7624,12.36,12.36
487,12.6,14.584799999999998,12.36,12.36
488,12.52,14.363999999999999,12.36,12.36
489,12.52,14.6536,12.36,12.36
490,12.98,14.5008,12.36,12.36
491,12.620000000000001,14.684799999999997,12.36,12.36
492,12.42,14.1616,12.36,12.36
493,12.64,14.371200000000002,12.36,12.36
494,12.620000000000001,14.7464,12.36,12.36
495,12.66,14.720000000000002,12.36,12.36
496,12.72,14.796000000000001,12.36,12.36
497,12.620000000000001,14.574399999999999,12.36,12.36
498,12.52,14.4552,12.36,12.36
499,12.780000000000001,14.5776,12.36,12.36
500,12.56,14.3368,12.36,12.36
501,12.64,14.496000000000002,12.36,12.36
502,12.620000000000001,14.508000000000003,12.36,12.36
503,12.46,14.465600000000002,12.36,12.36
504,12.56,14.5024,12.36,12.36
505,12.48,14.5,12.36,12.36
506,12.52,14.601599999999998,12.36,12.36
507,12.6,14.638399999999999,12.36,12.36
508,12.54,14.3816,12.36,12.36
509,12.54,14.3216,12.36,12.36
510,12.68,14.636,12.36,12.36
511,12.44,14.3848,12.36,12.36
512,12.54,14.6488,12.36,12.36
513,12.56,14.198399999999998,12.36,12.36
514,12.6,14.410399999999997,12.36,12.36
515,12.52,14.2624,12.36,12.36
516,12.620000000000001,14.276,12.36,12.36
517,12.46,14.663999999999998,12.36,12.36
518,12.52,14.276,12.36,12.36
519,12.4,14.3352,12.36,12.36
520,12.68,14.869599999999998,12.36,12.36
521,12.64,14.424,12.36,12.36
522,12.36,14.474399999999997,12.36,12.36
523,12.379999999999999,14.509599999999999,12.36,12.36
524,12.52,14.5752,12.36,12.36
525,13.08,14.456,12.36,12.36
526,12.6,14.3128,12.36,12.36
527,12.620000000000001,14.662399999999998,12.36,12.36
528,12.44,14.267999999999999,12.36,12.36
529,13.22,14.6504,12.36,12.36
530,12.66,14.650400000000001,12.36,12.36
531,12.54,14.4656,12.36,12.36
532,12.56,14.4488,12.36,12.36
533,12.76,14.457599999999998,12.36,12.36
534,12.5,14.208799999999998,12.36,12.36
535,12.52,14.3104,12.36,12.36
536,12.6,14.4136,12.36,12.36
537,12.6,14.560799999999999,12.36,12.36
538,13.239999999999998,14.636800000000001,12.36,12.36
539,12.4,14.140799999999999,12.36,12.36
540,12.6,14.8056,12.36,12.36
541,12.44,14.593600000000002,12.36,12.36
542,12.76,14.613600000000002,12.36,12.36
543,12.620000000000001,14.694399999999998,12.36,12.36
544,12.56,14.775199999999998,12.36,12.36
545,12.620000000000001,14.5688,12.36,12.36
546,12.48,14.5512,12.36,12.36
547,12.56,14.2824,12.36,12.36
548,12.48,14.483999999999998,12.36,12.36
549,13.279999999999998,14.6984,12.36,12.36
550,12.54,14.338400000000002,12.36,12.36
551,12.58,14.253599999999999,12.36,12.36
552,12.780000000000001,14.731999999999998,12.36,12.36
553,12.56,13.832,12.36,12.36
554,12.48,14.2624,12.36,12.36
555,12.5,14.456799999999998,12.36,12.36
556,12.4,14.498399999999998,12.36,12.36
557,12.620000000000001,14.4816,12.36,12.36
558,12.5,14.235999999999999,12.36,12.36
559,12.4,14.4776,12.36,12.36
560,12.54,14.401600000000004,12.36,12.36
561,12.4,14.3096,12.36,12.36
562,13.0,14.553600000000001,12.36,12.36
563,13.08,14.4328,12.36,12.36
564,12.54,14.597600000000002,12.36,12.36
565,12.64,14.388000000000002,12.36,12.36
566,12.780000000000001,14.535200000000001,12.36,12.36
567,13.540000000000001,14.772,12.36,12.36
568,12.44,14.344,12.36,12.36
569,12.52,14.6632,12.36,12.36
570,13.319999999999999,14.885600000000002,12.36,12.36
571,12.6,14.737600000000002,12.36,12.36
572,12.620000000000001,14.449600000000002,12.36,12.36
573,12.44,14.6624,12.36,12.36
574,12.42,14.351199999999999,12.36,12.36
575,12.48,14.592,12.36,12.36
576,12.5,14.435200000000002,12.36,12.36
577,12.56,13.9952,12.36,12.36
578,12.54,14.1024,12.36,12.36
579,12.4,14.22,12.36,12.36
580,13.06,14.4824,12.36,12.36
581,12.58,14.3776,12.36,12.36
582,12.46,14.453600000000002,12.36,12.36
583,12.54,14.794399999999998,12.36,12.36
584,12.6,14.4384,12.36,12.36
585,12.46,14.388,12.36,12.36
586,12.52,14.6624,12.36,12.36
587,12.4,14.448,12.36,12.36
588,12.34,14.2104,12.34,12.34
589,12.64,14.644,12.34,12.34
590,12.4,14.2336,12.34,12.34
591,12.620000000000001,14.305600000000002,12.34,12.34
592,12.54,14.5512,12.34,12.34
593,12.6,14.479999999999997,12.34,12.34
594,12.56,14.2704,12.34,12.34
595,12.620000000000001,14.44,12.34,12.34
596,12.72,14.5496,12.34,12.34
597,12.46,14.590399999999997,12.34,12.34
598,12.36,14.365599999999999,12.34,12.34
599,12.620000000000001,14.419200000000004,12.34,12.34
600,12.4,14.151999999999997,12.34,12.34
601,12.6,14.2048,12.34,12.34
602,12.54,14.6264,12.34,12.34
603,12.6,14.0896,12.34,12.34
604,12.5,14.415999999999999,12.34,12.34
605,12.42,14.243200000000002,12.34,12.34
606,12.6,14.329600000000003,12.34,12.34
607,12.6,14.4112,12.34,12.34
608,12.620000000000001,14.1432,12.34,12.34
609,12.5,14.652799999999997,12.34,12.34
610,12.48,14.496799999999999,12.34,12.34
611,12.54,14.3272,12.34,12.34
612,12.4,14.5064,12.34,12.34
613,12.54,14.293600000000001,12.34,12.34
614,12.84,14.4112,12.34,12.34
615,12.6,14.452,12.34,12.34
616,12.54,14.216,12.34,12.34
617,13.040000000000001,14.403999999999998,12.34,12.34
618,12.44,14.313600000000001,12.34,12.34
619,12.46,14.0952,12.34,12.34
620,12.620000000000001,14.030400000000002,12.34,12.34
621,12.4,14.0336,12.34,12.34
622,12.64,14.3976,12.34,12.34
623,12.58,14.590399999999999,12.34,12.34
624,12.58,14.0328,12.34,12.34
625,12.56,14.5688,12.34,12.34
626,12.52,14.365600000000002,12.34,12.34
627,12.66,14.850400000000002,12.34,12.34
628,12.4,14.1424,12.34,12.34
629,12.68,14.314400000000001,12.34,12.34
630,12.6,14.3448,12.34,12.34
631,12.58,14.386399999999998,12.34,12.34
632,12.9,14.611999999999998,12.34,12.34
633,12.6,14.2072,12.34,12.34
634,12.52,14.369599999999998,12.34,12.34
635,12.72,14.394399999999997,12.34,12.34
636,12.72,14.623199999999999,12.34,12.34
637,12.56,13.988800000000001,12.34,12.34
638,12.68,14.231999999999998,12.34,12.34
639,12.64,14.386400000000002,12.34,12.34
640,12.54,14.179200000000002,12.34,12.34
641,12.52,14.421600000000002,12.34,12.34
642,12.72,14.509600000000002,12.34,12.34
643,12.48,14.568000000000001,12.34,12.34
644,12.6,14.228000000000002,12.34,12.34
645,12.48,14.6272,12.34,12.34
646,12.42,14.291999999999998,12.34,12.34
647,12.46,14.356,12.34,12.34
648,12.5,14.347999999999999,12.34,12.34
649,12.5,14.4832,12.34,12.34
650,12.4,14.378400000000001,12.34,12.34
651,12.64,14.6144,12.34,12.34
652,12.36,14.3736,12.34,12.34
653,12.52,14.643999999999998,12.34,12.34
654,12.46,14.363999999999999,12.34,12.34
655,12.54,14.0472,12.34,12.34
656,13.84,14.7136,12.34,12.34
657,13.0,14.3384,12.34,12.34
658,12.46,14.1328,12.34,12.34
659,12.54,14.331200000000003,12.34,12.34
660,12.8,14.5056,12.34,12.34
661,12.68,14.5528,12.34,12.34
662,12.46,14.408,12.34,12.34
663,12.379999999999999,14.3384,12.34,12.34
664,12.620000000000001,14.507999999999997,12.34,12.34
665,12.6,14.3264,12.34,12.34
666,12.42,14.1456,12.34,12.34
667,12.56,14.5456,12.34,12.34
668,12.7,14.377599999999997,12.34,12.34
669,12.6,14.4952,12.34,12.34
670,12.42,14.4024,12.34,12.34
671,13.0,14.548,12.34,12.34
672,12.4,14.3128,12.34,12.34
673,13.0,14.588,12.34,12.34
674,12.54,14.4104,12.34,12.34
675,12.52,14.299999999999997,12.34,12.34
676,12.620000000000001,14.601599999999998,12.34,12.34
677,12.52,14.360000000000003,12.34,12.34
678,12.379999999999999,14.477600000000002,12.34,12.34
679,12.46,14.329599999999997,12.34,12.34
680,12.64,14.474400000000001,12.34,12.34
681,12.48,14.276800000000001,12.34,12.34
682,12.48,14.499999999999998,12.34,12.34
683,12.82,14.436,12.34,12.34
684,12.4,14.0232,12.34,12.34
685,12.58,14.312800000000003,12.34,12.34
686,12.6,14.3616,12.34,12.34
687,12.4,14.3504,12.34,12.34
688,12.5,14.2432,12.34,12.34
689,12.54,14.34,12.34,12.34
690,12.58,14.264800000000001,12.34,12.34
691,12.5,14.156799999999999,12.34,12.34
692,12.34,14.159199999999998,12.34,12.34
693,12.58,14.362400000000001,12.34,12.34
694,13.319999999999999,14.723999999999998,12.34,12.34
695,13.02,14.6072,12.34,12.34
696,12.48,14.363199999999999,12.34,12.34
697,12.6,14.516799999999998,12.34,12.34
698,12.76,14.6072,12.34,12.34
699,12.46,14.355200000000002,12.34,12.34
700,12.42,14.3648,12.34,12.34
701,12.46,14.347999999999999,12.34,12.34
702,12.48,14.412000000000003,12.34,12.34
703,12.48,14.2008,12.34,12.34
704,12.5,14.296,12.34,12.34
705,12.46,14.5248,12.34,12.34
706,12.88,14.2992,12.34,12.34
707,12.6,14.427999999999999,12.34,12.34
708,12.64,14.344,12.34,12.34
709,13.06,14.4408,12.34,12.34
710,12.44,14.3632,12.34,12.34
711,12.48,14.440800000000001,12.34,12.34
712,12.4,14.3096,12.34,12.34
713,12.6,14.200800000000001,12.34,12.34
714,12.56,14.303199999999999,12.34,12.34
715,12.58,14.2432,12.34,12.34
716,12.6,14.306399999999998,12.34,12.34
717,13.319999999999999,14.5824,12.34,12.34
718,12.54,14.586400000000003,12.34,12.34
719,12.48,14.304799999999998,12.34,12.34
720,12.56,14.267999999999999,12.34,12.34
721,12.6,14.486400000000001,12.34,12.34
722,12.36,14.6656,12.34,12.34
723,13.120000000000001,14.588799999999999,12.34,12.34
724,12.4,14.3216,12.34,12.34
725,12.620000000000001,14.488,12.34,12.34
726,12.64,14.5464,12.34,12.34
727,12.56,14.2608,12.34,12.34
728,12.46,14.205599999999999,12.34,12.34
729,12.44,14.252000000000002,12.34,12.34
730,13.620000000000001,14.764800000000001,12.34,12.34
731,12.86,14.594399999999998,12.34,12.34
732,12.6,14.48,12.34,12.34
733,12.92,14.6312,12.34,12.34
734,12.36,14.215199999999998,12.34,12.34
735,12.64,14.245600000000001,12.34,12.34
736,12.54,14.3968,12.34,12.34
737,12.6,14.3176,12.34,12.34
738,12.58,14.571200000000001,12.34,12.34
739,12.76,14.5768,12.34,12.34
740,12.58,14.46,12.34,12.34
741,12.54,14.4712,12.34,12.34
742,12.58,14.5744,12.34,12.34
743,12.36,14.2528,12.34,12.34
744,12.4,14.580800000000002,12.34,12.34
745,12.74,14.5248,12.34,12.34
746,12.5,14.428799999999999,12.34,12.34
747,12.52,14.4144,12.34,12.34
748,12.379999999999999,14.4696,12.34,12.34
749,12.4,14.235999999999999,12.34,12.34
750,12.44,14.4312,12.34,12.34
751,12.620000000000001,14.6,12.34,12.34
752,12.56,14.5096,12.34,12.34
753,13.120000000000001,14.4072,12.34,12.34
754,12.48,14.5472,12.34,12.34
755,12.379999999999999,14.1272,12.34,12.34
756,12.620000000000001,14.245600000000001,12.34,12.34
757,12.36,14.248000000000001,12.34,12.34
758,12.64,14.5264,12.34,12.34
759,12.58,14.239199999999999,12.34,12.34
760,12.54,14.4648,12.34,12.34
761,12.4,14.4152,12.34,12.34
762,12.54,14.383199999999999,12.34,12.34
763,13.260000000000002,14.8456,12.34,12.34
764,12.9,14.408,12.34,12.34
765,12.56,14.1144,12.34,12.34
766,12.46,14.511199999999999,12.34,12.34
767,12.66,14.532,12.34,12.34
768,12.36,14.2288,12.34,12.34
769,12.56,14.425600000000001,12.34,12.34
770,12.36,14.640800000000002,12.34,12.34
771,12.5,14.299199999999999,12.34,12.34
772,12.780000000000001,14.881599999999999,12.34,12.34
773,12.5,14.560799999999999,12.34,12.34
774,12.54,14.272,12.34,12.34
775,13.260000000000002,14.816799999999999,12.34,12.34
776,12.52,14.5184,12.34,12.34
777,12.52,14.3288,12.34,12.34
778,12.4,14.354399999999998,12.34,12.34
779,12.54,14.3048,12.34,12.34
780,12.379999999999999,14.5472,12.34,12.34
781,12.4,14.4792,12.34,12.34
782,12.379999999999999,14.436800000000003,12.34,12.34
783,12.64,14.6296,12.34,12.34
784,12.66,14.452,12.34,12.34
785,12.64,14.4024,12.34,12.34
786,12.42,14.4016,12.34,12.34
787,12.46,14.3048,12.34,12.34
788,12.4,14.308,12.34,12.34
789,12.620000000000001,14.5008,12.34,12.34
790,12.5,14.531999999999998,12.34,12.34
791,12.5,14.316,12.34,12.34
792,12.46,14.3408,12.34,12.34
793,12.620000000000001,14.349599999999999,12.34,12.34
794,13.14,14.86,12.34,12.34
795,12.4,14.3112,12.34,12.34
796,12.379999999999999,14.2304,12.34,12.34
797,12.76,14.7272,12.34,12.34
798,12.56,14.2848,12.34,12.34
799,12.46,14.3544,12.34,12.34
800,12.44,14.249600000000001,12.34,12.34
801,12.44,14.475999999999999,12.34,12.34
802,12.6,14.4496,12.34,12.34
803,12.6,14.3568,12.34,12.34
804,12.4,14.517599999999998,12.34,12.34
805,12.6,14.4328,12.34,12.34
806,12.4,14.415199999999997,12.34,12.34
807,12.58,14.448,12.34,12.34
808,12.44,14.2456,12.34,12.34
809,12.6,14.683200000000001,12.34,12.34
810,12.5,14.152000000000001,12.34,12.34
811,12.54,14.3448,12.34,12.34
812,12.36,14.176000000000002,12.34,12.34
813,12.5,14.2408,12.34,12.34
814,12.42,14.6896,12.34,12.34
815,13.0,14.780800000000001,12.34,12.34
816,12.620000000000001,14.2776,12.34,12.34
817,12.52,14.401599999999998,12.34,12.34
818,12.5,14.4312,12.34,12.34
819,12.48,14.368799999999998,12.34,12.34
820,12.64,14.3248,12.34,12.34
821,12.44,14.6264,12.34,12.34
822,12.46,14.4384,12.34,12.34
823,12.72,14.6272,12.34,12.34
824,12.620000000000001,14.721599999999999,12.34,12.34
825,12.54,14.494399999999999,12.34,12.34
826,12.48,14.465600000000002,12.34,12.34
827,12.620000000000001,14.5496,12.34,12.34
828,12.52,14.34,12.34,12.34
829,12.44,14.5024,12.34,12.34
830,12.4,14.16,12.34,12.34
831,12.44,14.543200000000002,12.34,12.34
832,12.46,14.223999999999998,12.34,12.34
833,12.42,14.3376,12.34,12.34
834,12.4,14.304,12.34,12.34
835,12.6,14.3648,12.34,12.34
836,12.98,14.6504,12.34,12.34
837,12.6,14.493599999999999,12.34,12.34
838,12.940000000000001,14.608799999999999,12.34,12.34
839,12.6,14.5464,12.34,12.34
840,13.100000000000001,14.6272,12.34,12.34
841,12.44,14.588,12.34,12.34
842,12.42,14.195200000000002,12.34,12.34
843,12.66,14.634400000000001,12.34,12.34
844,12.54,14.532800000000002,12.34,12.34
845,12.56,14.499999999999998,12.34,12.34
846,12.66,14.590399999999999,12.34,12.34
847,12.74,14.640799999999999,12.34,12.34
848,12.620000000000001,14.4432,12.34,12.34
849,12.46,14.404000000000002,12.34,12.34
850,12.6,14.231200000000003,12.34,12.34
851,12.58,14.5768,12.34,12.34
852,12.4,14.552,12.34,12.34
853,12.58,14.1456,12.34,12.34
854,12.56,14.36,12.34,12.34
855,12.620000000000001,14.438400000000001,12.34,12.34
856,12.42,14.7328,12.34,12.34
857,12.48,14.0744,12.34,12.34
858,12.66,14.2184,12.34,12.34
859,12.76,14.314400000000001,12.34,12.34
860,12.4,14.2472,12.34,12.34
861,12.58,14.167200000000001,12.34,12.34
862,12.44,14.167200000000001,12.34,12.34
863,12.6,14.273600000000002,12.34,12.34
864,12.4,14.545599999999997,12.34,12.34
865,12.54,14.856,12.34,12.34
866,12.64,14.480799999999999,12.34,12.34
867,12.52,14.759199999999998,12.34,12.34
868,12.42,13.6768,12.34,12.34
869,12.64,14.472799999999998,12.34,12.34
870,12.4,14.290400000000002,12.34,12.34
871,12.5,14.4384,12.34,12.34
872,12.44,14.468799999999998,12.34,12.34
873,12.46,14.128000000000002,12.34,12.34
874,12.620000000000001,14.616799999999998,12.34,12.34
875,12.36,14.4104,12.34,12.34
876,12.46,14.401599999999998,12.34,12.34
877,13.22,14.516000000000002,12.34,12.34
878,12.74,14.406399999999998,12.34,12.34
879,12.34,14.243999999999998,12.34,12.34
880,12.58,14.262399999999998,12.34,12.34
881,12.44,14.5656,12.34,12.34
882,12.6,14.5928,12.34,12.34
883,12.48,14.411999999999999,12.34,12.34
884,12.5,14.3304,12.34,12.34
885,12.46,14.396,12.34,12.34
886,12.5,14.123199999999999,12.34,12.34
887,12.48,14.173599999999999,12.34,12.34
888,12.44,14.288,12.34,12.34
889,12.36,14.203999999999999,12.34,12.34
890,12.4,14.444799999999997,12.34,12.34
891,12.4,14.1496,12.34,12.34
892,12.64,14.477599999999997,12.34,12.34
893,12.48,14.468800000000002,12.34,12.34
894,12.54,14.399999999999999,12.34,12.34
895,12.620000000000001,14.523200000000001,12.34,12.34
896,12.46,14.2256,12.34,12.34
897,12.72,14.6944,12.34,12.34
898,12.42,14.272,12.34,12.34
899,12.620000000000001,14.249599999999997,12.34,12.34
900,12.780000000000001,14.3848,12.34,12.34
901,12.4,14.2696,12.34,12.34
902,12.96,14.5808,12.34,12.34
903,12.6,14.412799999999999,12.34,12.34
904,12.4,14.193599999999998,12.34,12.34
905,12.64,14.3344,12.34,12.34
906,12.44,14.179999999999998,12.34,12.34
907,12.72,14.182399999999998,12.34,12.34
908,12.6,14.437599999999998,12.34,12.34
909,12.48,14.1552,12.34,12.34
910,13.36,14.409600000000001,12.34,12.34
911,12.36,14.363199999999999,12.34,12.34
912,12.6,14.407999999999998,12.34,12.34
913,12.56,14.4264,12.34,12.34
914,12.620000000000001,14.4888,12.34,12.34
915,12.36,14.3496,12.34,12.34
916,12.48,14.1632,12.34,12.34
917,12.5,14.406400000000001,12.34,12.34
918,12.58,14.248,12.34,12.34
919,12.54,14.456799999999998,12.34,12.34
920,12.56,14.2576,12.34,12.34
921,12.5,14.436000000000002,12.34,12.34
922,12.52,14.359199999999998,12.34,12.34
923,12.42,14.463999999999999,12.34,12.34
924,12.52,14.1224,12.34,12.34
925,12.4,14.573599999999999,12.34,12.34
926,13.3,14.676799999999998,12.34,12.34
927,12.379999999999999,14.4208,12.34,12.34
928,12.6,14.371199999999998,12.34,12.34
929,12.42,14.400799999999998,12.34,12.34
930,12.7,14.250399999999999,12.34,12.34
931,12.620000000000001,14.565599999999996,12.34,12.34
932,12.4,14.1352,12.34,12.34
933,12.54,14.4536,12.34,12.34
934,13.34,14.912800000000002,12.34,12.34
935,12.44,14.257599999999998,12.34,12.34
936,12.54,14.294400000000001,12.34,12.34
937,12.52,14.2744,12.34,12.34
938,12.82,14.687999999999999,12.34,12.34
939,12.42,14.1328,12.34,12.34
940,12.52,14.2672,12.34,12.34
941,13.08,14.3288,12.34,12.34
942,12.52,14.3704,12.34,12.34
943,13.18,14.4544,12.34,12.34
944,12.64,14.406400000000001,12.34,12.34
945,12.4,14.211200000000002,12.34,12.34
946,12.46,14.611200000000002,12.34,12.34
947,12.72,14.6128,12.34,12.34
948,12.620000000000001,14.4696,12.34,12.34
949,12.54,14.645600000000002,12.34,12.34
950,12.64,14.552000000000003,12.34,12.34
951,13.159999999999998,14.629599999999998,12.34,12.34
952,12.48,14.305600000000002,12.34,12.34
953,12.42,14.508,12.34,12.34
954,12.58,14.686399999999999,12.34,12.34
955,12.46,14.518400000000002,12.34,12.34
956,13.100000000000001,14.6744,12.34,12.34
957,12.64,14.5296,12.34,12.34
958,12.6,14.441600000000001,12.34,12.34
959,12.74,14.611199999999998,12.34,12.34
960,12.620000000000001,14.480800000000002,12.34,12.34
961,12.5,14.7344,12.34,12.34
962,13.18,14.601599999999998,12.34,12.34
963,12.5,14.662400000000002,12.34,12.34
964,12.74,14.476,12.34,12.34
965,12.56,14.076,12.34,12.34
966,12.42,14.539999999999997,12.34,12.34
967,12.7,14.624,12.34,12.34
968,12.46,14.3576,12.34,12.34
969,12.52,14.164800000000003,12.34,12.34
970,12.44,14.7184,12.34,12.34
971,12.46,14.3736,12.34,12.34
972,12.46,14.3216,12.34,12.34
973,12.66,14.4472,12.34,12.34
974,12.4,13.991999999999997,12.34,12.34
975,12.54,14.342399999999998,12.34,12.34
976,12.46,14.504000000000001,12.34,12.34
977,12.5,14.631999999999998,12.34,12.34
978,12.6,14.192,12.34,12.34
979,12.6,14.352000000000002,12.34,12.34
980,12.780000000000001,14.7408,12.34,12.34
981,12.6,14.378400000000001,12.34,12.34
982,12.379999999999999,14.2632,12.34,12.34
983,12.4,14.398399999999999,12.34,12.34
984,12.66,14.32,12.34,12.34
985,12.6,14.1272,12.34,12.34
986,12.6,14.547199999999998,12.34,12.34
987,12.44,14.5656,12.34,12.34
988,12.44,14.315999999999997,12.34,12.34
989,12.6,14.2976,12.34,12.34
990,12.5,14.3552,12.34,12.34
991,12.379999999999999,13.981599999999998,12.34,12.34
992,12.379999999999999,14.253599999999999,12.34,12.34
993,12.54,14.6752,12.34,12.34
994,12.379999999999999,14.5656,12.34,12.34
995,12.44,14.4536,12.34,12.34
996,12.44,14.439200000000001,12.34,12.34
997,12.8,14.4616,12.34,12.34
998,12.56,14.3968,12.34,12.34
999,12.5,14.5336,12.34,12.34
1000,12.66,14.1976,12.34,12.34
