step,time,phase_name,qpos_pelvis_tx,qpos_pelvis_ty,qpos_pelvis_tilt,qpos_hip_flexion_r,qpos_knee_r_translation1,qpos_knee_r_translation2,qpos_knee_angle_r,qpos_ankle_angle_r,qpos_rect_fem_r_rect_fem_r-P3_x,qpos_rect_fem_r_rect_fem_r-P3_y,qpos_vasti_r_vas_int_r-P4_x,qpos_vasti_r_vas_int_r-P4_y,qpos_vasti_r_vas_int_r-P3_y,qpos_vasti_r_vas_int_r-P3_z,qpos_gastroc_r_med_gas_r-P2_x,qpos_gastroc_r_med_gas_r-P2_y,qpos_gastroc_r_med_gas_r-P2_z,qpos_hip_flexion_l,qpos_knee_l_translation1,qpos_knee_l_translation2,qpos_knee_angle_l,qpos_ankle_angle_l,qpos_rect_fem_l_rect_fem_l-P3_x,qpos_rect_fem_l_rect_fem_l-P3_y,qpos_vasti_l_vas_int_l-P4_x,qpos_vasti_l_vas_int_l-P4_y,qpos_vasti_l_vas_int_l-P3_y,qpos_vasti_l_vas_int_l-P3_z,qpos_gastroc_l_med_gas_l-P2_x,qpos_gastroc_l_med_gas_l-P2_y,qpos_gastroc_l_med_gas_l-P2_z,qpos_lumbar_extension,qpos_iliopsoas_r_psoas_r-P3_x,qpos_iliopsoas_r_psoas_r-P3_y,qpos_iliopsoas_r_psoas_r-P3_z,qpos_iliopsoas_l_psoas_l-P3_x,qpos_iliopsoas_l_psoas_l-P3_y,qpos_iliopsoas_l_psoas_l-P3_z,qvel_dof_0,qvel_dof_1,qvel_dof_2,qvel_dof_3,qvel_dof_4,qvel_dof_5,qvel_dof_6,qvel_dof_7,qvel_dof_8,qvel_dof_9,qvel_dof_10,qvel_dof_11,qvel_dof_12,qvel_dof_13,qvel_dof_14,qvel_dof_15,qvel_dof_16,qvel_dof_17,qvel_dof_18,qvel_dof_19,qvel_dof_20,qvel_dof_21,qvel_dof_22,qvel_dof_23,qvel_dof_24,qvel_dof_25,qvel_dof_26,qvel_dof_27,qvel_dof_28,qvel_dof_29,qvel_dof_30,qvel_dof_31,qvel_dof_32,qvel_dof_33,qvel_dof_34,qvel_dof_35,qvel_dof_36,qvel_dof_37,com_x,com_y,com_z,cop_x,cop_y,cop_z,grf_x,grf_y,grf_z
0,0.005,Standing,-0.0002688606270606181,0.9492513125599441,-0.00606646433426353,0.010316276582608972,-0.0035999980811905817,-0.3957217168507037,-0.008280151372284687,0.00556137234338694,0.0621250115716628,0.020211159994523446,0.05614967098855549,0.02479914923778448,-0.22404844214349454,0.026653255849320993,-0.029099175131990052,-0.4014717338288968,-0.025612325579903117,0.010316276589344258,-0.0035999980811104683,-0.39572171685075713,-0.008280151391203201,0.005561372359219322,0.06212501157099637,0.020211159994697483,0.056149670987832086,0.02479914923786977,-0.22404844214497113,-0.02665325584000317,-0.02909917513188908,-0.4014717338288277,0.025612325589029386,0.006585740263928588,-0.028827866185506083,-0.08049465435420534,0.08159572270880916,-0.028827866185506083,-0.08049465435420534,-0.08159572269963554,-0.05377212541212362,-0.14973748801117912,-1.2132928668527059,2.0632553165217944,0.007800383761883616,-0.004343370140739147,-1.6560302744569373,1.112274468677388,-0.09299768566744102,-0.021768001095310918,-0.06406580228890173,0.00782984755689542,-0.12968842869891237,-0.015348830135801546,0.010164973601989011,0.00565323422064961,0.0015348840193767205,2.0632553178688515,0.007800383777906355,-0.00434337015143214,-1.6560302782406402,1.1122744718438644,-0.09299768580072752,-0.02176800106050358,-0.0640658024335822,0.007829847573953526,-0.12968842899422922,0.015348831999366057,0.010164973622183453,0.00565323423445677,-0.0015348821941225952,1.3171480527857176,-0.005573237101216542,0.0010691291589320785,-0.0008554582381705209,-0.0055732371012165065,0.0010691291589320785,0.0008554600728936579,-0.09570440894062783,-0.00019771760510768993,0.9717544169286635,nan,nan,nan,nan,nan,nan
1,0.01,Standing,-0.0007922698711210437,0.9477903077871113,-0.017734421197311757,0.030154177457981518,-0.0035165771703756857,-0.39576776708956285,-0.024211171121761563,0.015927373488689667,0.06129160903142497,0.020103536392057544,0.055506864845186896,0.02488034136351433,-0.2253269910326709,0.026501980979059855,-0.029006762461268373,-0.40141443507442176,-0.02559719808535374,0.030154177477940462,-0.0035165771701115,-0.39576776708973305,-0.024211171177916803,0.015927373534471316,0.06129160902940898,0.020103536392606043,0.055506864842980765,0.024880341363780648,-0.22532699103712614,-0.026501980955711248,-0.029006762460973154,-0.4014144350742122,0.0255971981081235,0.019252318784737474,-0.028865796370007957,-0.08048636392469312,0.08158959034812394,-0.0288657963699983,-0.08048636392469287,-0.08158959032524345,-0.10468184881208512,-0.2922009545665609,-2.3335913726096456,3.9675801750745086,0.01668418216297919,-0.009210047771835327,-3.1862039498953756,2.073200229060545,-0.1666805080475668,-0.02152472049318039,-0.12856122867371939,0.016238425145970528,-0.25570977783527127,-0.030254974052227337,0.018482534144335823,0.011459750895002063,0.0030254989098758016,3.96758017771924,0.016684182199793687,-0.009210047795187599,-3.1862039573427205,2.0732002350503986,-0.16668050831747816,-0.021524720418287926,-0.128561228970264,0.01623842518217563,-0.2557097784310032,0.03025497685838383,0.0184825341831856,0.011459750923101213,-0.003025496181176674,2.5333157041617773,-0.007586036900374716,0.0016580859024463734,-0.0012264721370460149,-0.007586036898442946,0.001658085902496218,0.0012264748784198264,-0.09570284429633702,-0.0001976679442575603,0.9715105590468684,nan,nan,nan,nan,nan,nan
2,0.015,Standing,-0.0015518174264751504,0.9456711504552041,-0.034280100954990206,0.058289529534874956,-0.0033880461836442964,-0.39583938309154304,-0.046823807632956724,0.029918929764148568,0.0601827598557511,0.02006383804740467,0.054569192017102086,0.02500037144447214,-0.22717606625010553,0.02628324595351646,-0.02888156653761838,-0.40132983693269764,-0.025575324574320685,0.05828952957420529,-0.0033880461830763805,-0.3958393830919067,-0.0468238077437856,0.029918929851098362,0.06018275985173459,0.0200638380485371,0.05456919201267363,0.025000371445010435,-0.22717606625901485,-0.026283245914225303,-0.028881566537043123,-0.401329836932277,0.02557532461245365,0.037212996665629064,-0.028900695359221504,-0.080474832034777,0.08158283733395576,-0.02890069535918614,-0.08047483203477342,-0.0815828372956469,-0.1519095110708213,-0.42383146638143676,-3.3091359515356897,5.627070415378687,0.025706197346277868,-0.014323200396038197,-4.522527302239033,2.7983112550917797,-0.22176983513477527,-0.007939668930574628,-0.18753456561696202,0.02400601619156193,-0.36981504348692706,-0.043747005108678697,0.02503918472999855,0.016919628344823606,0.004374702206611119,5.6270704192529655,0.025706197407023908,-0.014323200434734427,-4.522527313173759,2.7983112633254095,-0.22176983553487822,-0.00793966881378869,-0.18753456606142682,0.024006016245957138,-0.3698150443777429,0.04374700829718878,0.025039184786006512,0.016919628387041773,-0.004374699133970403,3.5921355761783174,-0.0069797978427093635,0.0023063779832246567,-0.0013506028336360543,-0.006979797837567948,0.0023063779838904887,0.0013506059193079177,-0.09569706438922407,-0.00019756895121723314,0.9710244571591599,nan,nan,nan,nan,nan,nan
3,0.02,Standing,-0.0025250133367008543,0.9429614157054831,-0.05480082721086801,0.0932101075386188,-0.0032171208690241456,-0.3959371893888878,-0.07493905344950108,0.04615942137529366,0.0588850615446693,0.02012499235895279,0.05338482719289427,0.025151708902421882,-0.22950923100249732,0.026007287326605993,-0.02873188260558852,-0.40122138473884966,-0.025547728703098353,0.09321010760307435,-0.0032171208680227435,-0.39593718938953926,-0.07493905363139852,0.0461594215110585,0.05888506153806682,0.020124992360865752,0.05338482718556693,0.025151708903306924,-0.22950923101727633,-0.026007287271109243,-0.02873188260465446,-0.40122138473814994,0.025547728756673327,0.05948402635759416,-0.028924132594898518,-0.080457053705958,0.08157554503558088,-0.028924132594823515,-0.08045705370594151,-0.08157554498175469,-0.1946391820451408,-0.5419469499442078,-4.10414525117556,6.984115600748769,0.034185062924030146,-0.01956125946894444,-5.623049163308871,3.2480983222290196,-0.25953966221635966,0.012230862309623378,-0.23687296484156223,0.030267491589948153,-0.4666329504783563,-0.055191725382093604,0.029936786405971978,0.021690438769592698,0.005519174244466119,6.984115605773812,0.03418506301072744,-0.0195612595265167,-5.623049177522583,3.2480983319920274,-0.2595396627335529,0.012230862465730918,-0.23687296542133898,0.03026749165929745,-0.4666329516522949,0.055191728623211714,0.029936786477733134,0.021690438825405972,-0.005519171156064521,4.454205938393018,-0.004687447135402856,0.0035556657637981813,-0.0014584596749743625,-0.0046874471274753315,0.0035556657663802053,0.0014584627784413884,-0.09568546762938965,-0.000197420816709749,0.970297047804505,nan,nan,nan,nan,nan,nan
4,0.025,Standing,-0.0036853947010518934,0.9397364284136535,-0.07830862641496217,0.13327558628131092,-0.003008895183792733,-0.39606138067826885,-0.10730263493959857,0.06329182056318962,0.05747498024549083,0.02029475186311362,0.05201314930792102,0.025324531340715464,-0.23222696243092475,0.025685885391929782,-0.028565220155395685,-0.40109350121362536,-0.025515588501548198,0.1332755863762462,-0.003008895182222616,-0.3960613806793234,-0.10730263520788877,0.0632918207516848,0.057474980235797,0.020294751865970122,0.05201314929711022,0.025324531341999294,-0.2322269624529123,-0.025685885320885036,-0.02856522015403036,-0.4010935012125822,0.025515588569733422,0.08498529960742154,-0.028932261203405016,-0.08042807851160147,0.08156684960304803,-0.0289322612032864,-0.08042807851155175,-0.08156684953450634,-0.23207627287020777,-0.6449974583659286,-4.701559840818832,8.013095748538426,0.04164513704628249,-0.024838257876210277,-6.472716298019497,3.426479837579192,-0.28201625983569384,0.03395190083216608,-0.27433557699465055,0.03456448765871633,-0.5435462856854854,-0.06428038693524216,0.03333249003856691,0.025576705044862216,0.00642804031003073,8.01309575463437,0.04164513716002547,-0.0248382579568234,-6.47271631529805,3.426479848125259,-0.2820162604539637,0.03395190102087392,-0.27433557769134204,0.03456448773847388,-0.5435462871271965,0.06428039004484147,0.03333249012481973,0.025576705113545612,-0.006428037387980661,5.100254649965477,-0.0016257217012994925,0.005795038871307412,-0.0017390865065714269,-0.0016257216925769143,0.005795038877953785,0.0017390894496716865,-0.0956676786741558,-0.00019722358138465635,0.9693285305927337,nan,nan,nan,nan,nan,nan
5,0.030000000000000002,Standing,-0.0050039418273376095,0.9360712889455141,-0.10384241633464042,0.1768998076094319,-0.0027698119504986,-0.3962117186833319,-0.1427190556882313,0.08015035004225746,0.05601519376253262,0.020563553063950194,0.05051571924107854,0.02550866160015475,-0.2352297233750289,0.02533082033149821,-0.028387906767418036,-0.4009508895681973,-0.025480081988122846,0.17689980773984754,-0.0027698119482229304,-0.396211718684927,-0.14271905605727156,0.08015035028391919,0.05601519374932182,0.020563553067863494,0.05051571922630564,0.025508661601865133,-0.23522972340548792,-0.0253308202460296,-0.028387906765554097,-0.40095088956675,0.02548008206963005,0.11266315597135178,-0.02892537470378925,-0.08038216410113817,0.08155525435384071,-0.028925374703637156,-0.08038216410101974,-0.0815552542718296,-0.26370942525714314,-0.7330278936278749,-5.106757983935651,8.724844265624196,0.0478166466588266,-0.030067601012607484,-7.083284149726545,3.3717058958135664,-0.29195729659164193,0.053760240167314816,-0.2994860133684953,0.03682605188785726,-0.6005521888208317,-0.07101301208631418,0.035462677595529894,0.028522329085615788,0.0071013026850701945,8.724844272720265,0.04781664679993715,-0.030067601120725592,-7.083284169876557,3.3717059064468784,-0.29195729729503683,0.053760240378674204,-0.2994860141609156,0.03682605197316761,-0.600552190515126,0.0710130149710875,0.035462677695252985,0.02852232916643378,-0.007101300020674281,5.535571272786046,0.001377299923153216,0.009182882092658122,-0.002319049841463334,0.0013772999298486514,0.009182882106399825,0.0023190525353502327,-0.09564440386332562,-0.00019697716721864419,0.9681185223927781,nan,nan,nan,nan,nan,nan
6,0.035,Standing,-0.006451267602985653,0.9320338339001845,-0.13055704530979648,0.22269385226642766,-0.0025066977113980225,-0.39638754106631263,-0.18015274605467324,0.09585378389266454,0.054552568654671715,0.02091126995351956,0.04894917278239009,0.025695020430891082,-0.23842798977836246,0.02495268559849319,-0.02820482359212889,-0.40079796883789637,-0.02544226850824014,0.22269385243700174,-0.00250669770828194,-0.3963875410686077,-0.18015274653794244,0.09585378418488846,0.05455256863759349,0.020911269958541263,0.04894917276328755,0.025695020433033563,-0.2384279898184818,-0.024952685499914612,-0.028204823589703266,-0.4007979688359879,0.02544226860160074,0.1415887151528401,-0.02890610948224978,-0.08031430646976895,0.08153918394727437,-0.028906109482070265,-0.08031430646953718,-0.08153918385322774,-0.2894651551296086,-0.8074910090659128,-5.3429257950312135,9.158808931399149,0.05262284782011553,-0.035164476596146826,-7.486738073288393,3.140686770081416,-0.29252502157218035,0.06954337791387344,-0.31330929173769,0.03727176614726602,-0.6396532806667145,-0.07562694660100375,0.03661663505782921,0.030584146060187882,0.0075626959765407245,9.158808939430841,0.05262284798819804,-0.035164476736138824,-7.486738096134178,3.1406867801938563,-0.29252502234566574,0.06954337813555361,-0.3133092926036184,0.03727176623368585,-0.639653282598775,0.0756269492229974,0.036616635170166015,0.030584146152425405,-0.0075626936058621605,5.785111836297663,0.0038530443078933266,0.013571526273844156,-0.003214081313268875,0.003853044313377851,0.01357152629651192,0.003214083720370153,-0.09561702276223487,-0.0001966814322504502,0.9666663261094754,nan,nan,nan,nan,nan,nan
7,0.04,Standing,-0.007995198884815518,0.9276808531824815,-0.1577045481530639,0.2693768581603988,-0.0022367275257562024,-0.396579069267575,-0.21822859847713072,0.11672586739102717,0.05314273060452314,0.021302636356984674,0.047386688528528655,0.025868725352779693,-0.24170778577008836,0.02456497216335444,-0.02802237066238542,-0.4006403715488657,-0.025403497158954246,0.26937688250185965,-0.0022367215876671377,-0.39657907429691075,-0.21822877781212013,0.11672115576056839,0.05314272021394466,0.02130264166477349,0.047386677661897,0.025868729924871058,-0.2417077978748138,-0.024564970626552628,-0.02802236981740271,-0.4006403709809164,0.02540349712003654,0.17093990165503864,-0.028876332175559623,-0.0802218674079144,0.08151776214021272,-0.02887633216417097,-0.08022186735496413,-0.08151776202283943,-0.3087862563659729,-0.8705961435405931,-5.429500568653486,9.336601178794233,0.05399403712836399,-0.03830564025248327,-7.615170484491493,4.174416699672525,-0.2819676100297151,0.07827328069302268,-0.3124968507722867,0.03474098437772227,-0.6559591983451807,-0.07754268702775026,0.036490585948694344,0.03151945780613357,0.0077542698571789765,9.336606012971577,0.05399522412296046,-0.038306645660614806,-7.6152062548355355,4.173474315135986,-0.2819696847297659,0.07827434124644514,-0.3124990202781103,0.034741898367498816,-0.655961611266406,0.07754297467239678,0.03649075446011106,0.0315195710142931,-0.007754296312839491,5.870237300439709,0.0059554613380313065,0.018487812370909414,-0.004284361412329022,0.005955463579859212,0.018487822914608893,0.004284366077660241,-0.0955871199966241,-0.00019633622310640347,0.9649711886064003,nan,nan,nan,nan,nan,nan
8,0.045,Standing,-0.009635039782852635,0.9231219691981528,-0.1851626969820208,0.3168055072614731,-0.0019612087929676276,-0.39678380186710743,-0.25559224269658254,0.1378400124863278,0.051818339145051164,0.021712806590850568,0.0458814132447784,0.026029277369407435,-0.24494931335777156,0.024181843502929363,-0.02784646477952988,-0.4004840937961886,-0.025365184287910167,0.3168049576874094,-0.001961197767067333,-0.39678382163069587,-0.25559311163047366,0.13783084317163735,0.051818305146211226,0.021712818577817403,0.04588137716708883,0.02602928595498598,-0.24494937890748236,-0.024181835635227102,-0.027846460495465613,-0.4004840907012538,0.025365183625905542,0.20059443286961298,-0.028837669817657088,-0.08010234770184368,0.08149014479770002,-0.028837670120657355,-0.08010234912674899,-0.0814901450296922,-0.3279681796074234,-0.9117767968657485,-5.491629765791386,9.485729820214862,0.05510374655771496,-0.04094651990648182,-7.4727288438903585,4.222829019060125,-0.26487829189439566,0.0820340467731788,-0.301055056750051,0.03211040332554858,-0.6483055175366405,-0.07662573208501518,0.03518117657110759,0.03125555053542437,0.007662574208815659,9.48561503710995,0.055104764119960986,-0.04094946675702379,-7.472866763670708,4.221937482213795,-0.2648830135466864,0.08203538260878245,-0.3010600989616337,0.032111206022983875,-0.6483162065337134,0.07662699826510531,0.03518186438741905,0.031256055932524264,-0.007662698826199385,5.93090624291487,0.007732471580506908,0.023903941214144218,-0.005523468502542517,0.007732408702722715,0.023903645643027494,0.005523398629446542,-0.09554295593954533,-0.00019594405947896432,0.9630454825646511,nan,nan,nan,nan,nan,nan
9,0.049999999999999996,Standing,-0.011367591218264875,0.918362635841041,-0.21282231120620715,0.3648544982107362,-0.0016810921066139036,-0.39700523283005684,-0.2924648082743268,0.15834456277052394,0.05056689907922845,0.022121883980517027,0.044438281310050017,0.026176331391145006,-0.24815715910984892,0.02380272431267452,-0.02767427539104727,-0.40032923281897015,-0.025327272364588475,0.36485206937808534,-0.0016810820581615693,-0.3970052730710817,-0.2924662779792041,0.15833407084697018,0.0505668476905941,0.022121898366794145,0.044438226514338916,0.02617634008557487,-0.24815727537969584,-0.023802710442651594,-0.02767426835616206,-0.40032922729142806,0.025327271110944186,0.23042491019064015,-0.028792056908562527,-0.07995451805304588,0.08145578557437173,-0.02879205844881058,-0.07995452529407476,-0.08145578720940252,-0.346510287082448,-0.9518666714223625,-5.531922844837268,9.609798189852613,0.0560233372707448,-0.04428619258988137,-7.374513115548856,4.100910056839227,-0.25028801316454335,0.08181547793329173,-0.2886263869456767,0.02941080434751386,-0.6415691504154707,-0.07582383805096893,0.034437877696521735,0.03097219544368655,0.007582384664338135,9.609422338135188,0.056023141781152724,-0.04429028807716197,-7.374633269746095,4.100645535066564,-0.2502914911234247,0.08181595779534825,-0.28863013054998266,0.02941082611777854,-0.6415792944426971,0.07582503851510194,0.03443842786071059,0.03097268196514951,-0.007582502992271385,5.9660954642054325,0.009122581818911986,0.029565929759562192,-0.006871844665657753,0.009122334369354904,0.029564766534845528,0.006871564057934457,-0.09544178011136911,-0.00019552218710587165,0.9609738921971883,nan,nan,nan,nan,nan,nan
10,0.05499999999999999,Standing,-0.013194857197194824,0.9134014815137036,-0.24068790884411076,0.41358273207505386,-0.0013963459042632843,-0.3972456839343911,-0.3291770033009558,0.1777692444837548,0.04937123247575327,0.022515310657209523,0.0430535794956069,0.026310521351457578,-0.25135054973702087,0.023425316030214194,-0.0275029864647987,-0.4001750537877626,-0.025289531532676175,0.41357545554556224,-0.001396376035887254,-0.3972457217379133,-0.32917397154454614,0.17776223096436666,0.049371313276081026,0.022515293026511975,0.04305366560703365,0.026310513251429374,-0.251350323165109,-0.023425342730548596,-0.02750300389866732,-0.4001750643141171,0.025289534343400144,0.26042971581137747,-0.02874060882319468,-0.07977707590675301,0.08141420429125351,-0.028740614119217578,-0.07977710080324073,-0.08141421020248782,-0.36545319578598984,-0.9922308654674933,-5.573119527580722,9.745646772863537,0.05694924047012389,-0.048090220866843635,-7.34243900532579,3.8849363426461725,-0.23913332069503543,0.07868533533849925,-0.2769403628886245,0.0268379920625148,-0.6386781254343923,-0.07548165649206519,0.03425778524971382,0.03083580624151386,0.007548166382459987,9.74467723349538,0.05694120445486303,-0.048089733366315494,-7.341538713068405,3.885632023479294,-0.23910688290261467,0.07867893194356648,-0.2769121814610538,0.02683463317090103,-0.638609557082633,0.07547354242059955,0.03425289149894819,0.030832595462198194,-0.007547353508808167,6.000961124147467,0.010289617073569587,0.03548842925857279,-0.008316256623644996,0.010288865918600676,0.03548489816680668,0.008315401382942253,-0.09529124908030198,-0.00019506911149097986,0.9587490795847803,nan,nan,nan,nan,nan,nan
11,0.05999999999999999,Standing,-0.015116949146573825,0.9082384910874013,-0.2687371353096445,0.4629972125039665,-0.0011070105709067761,-0.39750647795855404,-0.36597929241728294,0.19591763897064046,0.04821951947355895,0.0228853721613731,0.04172297811417645,0.026432668437216394,-0.2545467051891296,0.023047570634314007,-0.027330784834115895,-0.40002082359341284,-0.025251756989972916,0.46298137136412704,-0.0011071305732401745,-0.39750647114611254,-0.365965102143156,0.1959180186849095,0.048219924748087686,0.022885283504530042,0.04172340928932656,0.026432626072085182,-0.25454559895348833,-0.02304770140212608,-0.027330861034093587,-0.4000208755742876,0.025251770213671122,0.29057797696496257,-0.028683773334071967,-0.0795689598424694,0.08136506304992402,-0.02868378636702943,-0.07956902110939486,-0.08136507777829849,-0.3844183898758002,-1.032598085260464,-5.60984529310675,9.882896085782537,0.05786706667130165,-0.05215880483259594,-7.360457823265434,3.629678897377133,-0.23034260043886357,0.0740123008327153,-0.26612027628609003,0.02442941715176304,-0.6392310904217403,-0.0755490791800375,0.03444032613656074,0.03084603886995166,0.00755490854065152,9.88118316371296,0.05784909252941592,-0.05214988163985428,-7.358226119721968,3.631157544108568,-0.23027770559866811,0.07399809560361309,-0.2660512635414189,0.024422564131161232,-0.6390551576758616,0.07552826568450306,0.03442857291474611,0.030837747965896008,-0.007552825945804145,6.029652230717019,0.011367097824542345,0.04162321285672162,-0.009828248265897298,0.011365550437629797,0.04161593876917513,0.009826484837865627,-0.09509773744701032,-0.00019458441468549276,0.9563689984781591,nan,nan,nan,nan,nan,nan
12,0.06499999999999999,Standing,-0.01712981225383421,0.902875182201781,-0.2968938587510256,0.5130006743651832,-0.0008136475998234188,-0.397788158751396,-0.40299639317291813,0.212792163669568,0.047105711304924296,0.023228148372657943,0.04044435071138315,0.026543504889969927,-0.2577553334514202,0.022668339124438094,-0.02715689312903554,-0.3998661208128095,-0.02521383383635169,0.5129723715526492,-0.0008139112997141804,-0.3977880473977233,-0.4029638053665268,0.2128022919057039,0.04710664030332059,0.02322795327161122,0.040445337006537616,0.026543413644971703,-0.25775274531759146,-0.02266864517194237,-0.027157064351180073,-0.39986624288853223,0.02521386459328638,0.32078040973921906,-0.02862162707996098,-0.07932958745429677,0.08130819770349426,-0.028621653163923576,-0.07932971007245487,-0.08130822730978968,-0.4025726214520767,-1.0726617771240672,-5.6313446882762195,10.000692372243314,0.05867259421667147,-0.05633615856838983,-7.403420151127042,3.3749049397855035,-0.22276163372693109,0.06855524225696841,-0.25572548055865935,0.022167290550706386,-0.6417256524581276,-0.07584630197518263,0.03477834101607071,0.03094055612066963,0.007584630724245124,9.998200037704434,0.058643854705198825,-0.05631525032214408,-7.399740644674166,3.3768546441588843,-0.22265688895341923,0.06853395341623537,-0.25561445655778836,0.02215751457730417,-0.6414292728206277,0.07581124603674176,0.03475933658270275,0.030926537151073314,-0.007581124076948479,6.040486554851298,0.012429250822197514,0.047874477634524466,-0.011373069285953684,0.012426640621170848,0.0478622073879983,0.011370093701763652,-0.09486666305349498,-0.00019406780101505525,0.9538321993421294,nan,nan,nan,nan,nan,nan
13,0.06999999999999999,Standing,-0.019224214068144996,0.8973150259788492,-0.32502329793900003,0.563382286896449,-0.0005174099744624148,-0.39809057123600805,-0.44023489118449194,0.22851855238881522,0.04602854134062197,0.023541855663468912,0.039218234894249,0.026643641788284864,-0.26097779176648667,0.022287466754111272,-0.026981346023109715,-0.39971090647749263,-0.025175746597097592,0.5633382506342796,-0.0005178640193537482,-0.39809028661456997,-0.44017763874846993,0.22853888726149052,0.046030152340499494,0.02354153154410102,0.03921994115479914,0.02664349341519722,-0.2609731805462691,-0.022288012051460835,-0.026981642485739213,-0.39971112453516233,0.02517580128345964,0.35088454675640396,-0.02855414036115673,-0.07905910961209846,0.08124365496160907,-0.028554185485919547,-0.07905932173917067,-0.08124370627713604,-0.4188803628621574,-1.1120312445863756,-5.6258878375948855,10.076322506253158,0.0592475250722008,-0.060482496922405676,-7.447699602314762,3.1452777438494435,-0.21543399286046597,0.06274145816219381,-0.24522316342683007,0.020027379662987264,-0.6444916630132859,-0.07617447406536453,0.0351094211851649,0.031042867063369964,0.0076174478508198255,10.073175816326065,0.05920945607208644,-0.060447843369337804,-7.442766676388628,3.147319071157322,-0.2152975925642186,0.06271565449796031,-0.24507917034769458,0.020015954045103434,-0.6440870457355354,0.0761266240963074,0.03508437308817182,0.031023670673974317,-0.0076126619653482845,6.020827403436979,0.01349734376084937,0.0540955684396619,-0.012908548377038856,0.013493535600805875,0.05407766665684161,0.01290420653072944,-0.09460295399195029,-0.00019351847874437476,0.9511347955709364,nan,nan,nan,nan,nan,nan
14,0.075,Standing,-0.02138626330041538,0.8915631815918884,-0.3529488692291251,0.6138479203976543,-0.0002198918745901001,-0.3984129207883238,-0.47762122043856037,0.24333073781073553,0.044989845290309256,0.023825981705705126,0.03804699775389086,0.026733605366840604,-0.2642091935927213,0.02190553941194341,-0.02680465065442046,-0.3995554357395011,-0.025137553861011325,0.6137861043013573,-0.00022056779540018134,-0.398412396329811,-0.4775347833078658,0.24335776495431197,0.04499222997524225,0.023825523631218704,0.038049516872044144,0.026733400338730093,-0.2642021488752584,-0.021906372447931522,-0.026805092992552675,-0.39955576955002947,0.025137637324976186,0.3806938422598376,-0.02848136428996715,-0.07875853791422315,0.08117170306263054,-0.028481434261424694,-0.07875886684472336,-0.08117178270918558,-0.4324098464540767,-1.1503688773921434,-5.585114258025016,10.093126700241081,0.05950361997446293,-0.06446991046314451,-7.477265850813686,2.9624370843840633,-0.20773921006254217,0.05682520844724243,-0.23424742807162782,0.01799271571114805,-0.646280365246932,-0.07638546843357216,0.03533907373785105,0.031094147598309762,0.007638547217253218,10.089570733415544,0.059459244790713385,-0.06442194304821106,-7.471428911879176,2.963775538564292,-0.2075844730514491,0.05679841742353669,-0.23408485655099948,0.017981384706574382,-0.645793665797861,0.07632792070586247,0.03530989863730776,0.031070997026571626,-0.00763279169669095,5.961859100686732,0.014555214237916498,0.06011433957506366,-0.01439037979570664,0.014550244898970865,0.06009097888946213,0.014384713590091192,-0.09431167183100608,-0.0001929350207334173,0.9482697784399067,nan,nan,nan,nan,nan,nan
15,0.08,Standing,-0.023599247056978825,0.8856255757271587,-0.38048365691311453,0.664073966249822,7.707894672465457e-05,-0.3987538913934853,-0.5150281616776196,0.25745813715190985,0.04399313184479911,0.024080870513762183,0.036933922653050656,0.026813959080044577,-0.2674400672318441,0.021523684119795553,-0.026627569398985782,-0.3994001777944515,-0.025099368330226014,0.6639939232741638,7.617244412154542e-05,-0.3987530754335275,-0.5149112777671173,0.25748879173670663,0.043996286129250724,0.024080291210814526,0.036937245211286635,0.026813703668048295,-0.2674304379836676,-0.02152482269733873,-0.026628161136824403,-0.39940063487782473,0.02509948235148743,0.41000273808444593,-0.02840350978281717,-0.07842967124842938,0.08109280131635967,-0.02840360926238846,-0.07843013889921747,-0.08109291461109168,-0.44259675131268933,-1.1875211729459376,-5.506957536797887,10.045209170433521,0.05939416426295093,-0.06819412103230814,-7.481388247811828,2.825479868234864,-0.19934268910202854,0.05097776161141148,-0.2226150201680399,0.016070742640794958,-0.6461747278245592,-0.07637105842957166,0.0354162510869356,0.031051589009908002,0.0076371061570621864,10.041563794561322,0.05934804790434535,-0.06813582074330343,-7.4752988918503025,2.8262053564789347,-0.19918876919830542,0.050953515919164395,-0.2224543321515013,0.016060665863640123,-0.6456578216818438,0.0763099501185582,0.035386371145654065,0.031026934440951604,-0.007630994697751273,5.8617791649216695,0.015570901429995976,0.06577333315875347,-0.015780349254175388,0.015564999807246406,0.06574558910117696,0.015773619618779978,-0.09399828294624957,-0.00019231555702091047,0.9452279635911361,nan,nan,nan,nan,nan,nan
16,0.085,Standing,-0.025846125519129813,0.879507591244397,-0.40746293600444927,0.7137661043525012,0.0003717011226172003,-0.39911184931154503,-0.5523173369958049,0.2710871415493556,0.04304206587689341,0.024307512646464132,0.03588197944513615,0.02688535671583514,-0.2706595506113266,0.02114318857299824,-0.02645085556191246,-0.39924565688942715,-0.025061318774228725,0.7136687785069312,0.00037057739631729075,-0.3991107127441105,-0.5521715936200142,0.27111908616389735,0.043045903650679326,0.024306838391863806,0.035886009358308026,0.026885061638679163,-0.27064742492278226,-0.0211446222209979,-0.026451586033758145,-0.3992462333710215,0.025061462305170902,0.4386322802094485,-0.02832094697576232,-0.07807483932269646,0.08100753002127699,-0.028321079051035987,-0.07807546021494344,-0.0810076804871569,-0.4493756924301976,-1.2235968965523394,-5.395855818266953,9.938427620535855,0.05892443517850914,-0.07159158361194455,-7.457835063637056,2.7258008794891455,-0.19021319358113975,0.04532842654039007,-0.21038864158290135,0.014279527158112504,-0.6438966758965103,-0.07609910935946297,0.035342767414664585,0.03090418100487883,0.007609911199457961,9.934971046553473,0.058880990439149065,-0.07152746211659337,-7.45206317057937,2.7260588854381456,-0.19007649571428017,0.045309436209856224,-0.21024717059572134,0.01427159412617391,-0.6433973878229249,0.07604009526816649,0.03531502061325169,0.030880301360648604,-0.007604009263305359,5.725908425000516,0.016512561410969656,0.07096638514658538,-0.017054259016535255,0.016506042270495153,0.07093573685480789,0.017046824786955368,-0.09366804512037992,-0.00019165805996740538,0.9419993903280434,nan,nan,nan,nan,nan,nan
17,0.09000000000000001,Standing,-0.02811154202167521,0.8732130725968349,-0.4337637878398124,0.7626969598773733,0.0006623990950495454,-0.3994850859904714,-0.5893732025977136,0.28436171134577964,0.04213939793624892,0.02450738845290558,0.034892933235766845,0.026948542094838566,-0.27385816198557805,0.02076517280869653,-0.02627507735793578,-0.399092315709831,-0.025023517196694413,0.7625842528217602,0.000661088106998092,-0.3994836231535056,-0.5892021693607348,0.2843934854930825,0.04214377896371015,0.02450665273404899,0.03489751810692036,0.026948220231440695,-0.2738438048428585,-0.020766870152914497,-0.026275926683088934,-0.39909299920831665,0.0250236870994667,0.4664511106990871,-0.02823414932351034,-0.07769659450513376,0.08091651406467962,-0.02823431546043804,-0.0776973755387501,-0.08091670337580156,-0.4530833005090795,-1.2589037295124372,-5.260170367072622,9.786171104974413,0.05813959448646903,-0.07464733578526647,-7.4111731203817515,2.6549139592848148,-0.18053358812889744,0.039975161288289304,-0.19780924187386156,0.012637075800685247,-0.6397222748502841,-0.0756031528603421,0.035155640795335945,0.030668235919231433,0.007560315506862343,9.783094862965795,0.05810214213616026,-0.07458208187902386,-7.40611514814412,2.6548798658370396,-0.18042493739383458,0.03996286843703622,-0.19769825027753318,0.012631718552306626,-0.6392759840152433,0.07555041361668008,0.035131870133842134,0.030646832540965105,-0.007555041140840006,5.563766097927726,0.017359530450395927,0.07564896351254027,-0.018203191319474055,0.017352718119588814,0.07561693523866779,0.01819542227106659,-0.09332553864345519,-0.0001909606605464541,0.9385748770518936,nan,nan,nan,nan,nan,nan
18,0.09500000000000001,Standing,-0.03038286008635188,0.8667439521617106,-0.45930945855084787,0.8107169796540876,0.0009479040834522881,-0.3998720166527919,-0.6261180029998362,0.297390636129909,0.04128651170519807,0.024682310921647993,0.03396702202321594,0.02700431984797284,-0.27702919296438644,0.020390425585065087,-0.02610056836710336,-0.39894045020891306,-0.02498604247340676,0.8105913072958488,0.0009464457635375387,-0.39987024194670356,-0.6259263258838399,0.2974215907642145,0.041291270656776694,0.02468154864135111,0.033971984315432704,0.02700398421741898,-0.2770129751168359,-0.020392342765165824,-0.026101512264964585,-0.3989412231933173,0.02498623436161634,0.49337956799484206,-0.028143621420479267,-0.07729745767024103,0.08082036401882882,-0.028143821645278864,-0.07729839897735032,-0.08082059220747605,-0.45426361293533457,-1.2938240870248499,-5.109134142207092,9.604003955342856,0.05710099768054854,-0.07738613246409524,-7.348960080424522,2.6057849568258753,-0.17057724621017015,0.03498449374848253,-0.18518224251018084,0.011155550626854863,-0.6342061957616796,-0.07494944472628813,0.034901798166484185,0.0303731001835849,0.007494944657530128,9.601410894817727,0.057071531307889334,-0.07732375863959055,-7.344831304621027,2.605621054226391,-0.1705016613866919,0.0349791814604242,-0.1851067582975299,0.01115279719565709,-0.6338340547954929,0.07490547754973483,0.03488288362486992,0.03035520299986434,-0.00749054757007241,5.385691459150982,0.018105580606214623,0.07982736697854714,-0.019230009170158893,0.018098763031835417,0.07979531227995665,0.019222233665102784,-0.09297446504074616,-0.00019022184953817073,0.9349470099022612,nan,nan,nan,nan,nan,nan
19,0.10000000000000002,Standing,-0.032649555378243544,0.860101640502939,-0.48404834957204884,0.8577280441336135,0.0012272169968285287,-0.40027126114214345,-0.6625093714371765,0.3102590492498835,0.040483484457495625,0.02483426072837119,0.03310311734693405,0.027053507578619917,-0.2801687371478056,0.020019403426755764,-0.025927479926510226,-0.3987902169013014,-0.02494894025680225,0.8575920002404455,0.0012256555047116338,-0.4002692040585185,-0.6623020659306348,0.3102891373797942,0.04048845390687966,0.02483350411997751,0.03310827883804103,0.02705317000506822,-0.28015107569118863,-0.020021491121822232,-0.025928493230958888,-0.39879105952559835,0.02494914919805556,0.5193654525284411,-0.028049863589871025,-0.07687989734018745,0.08071967629469735,-0.02805009674110881,-0.07688099346879984,-0.08071994203850437,-0.45333905837833227,-1.328462331754319,-4.947778204240194,9.40221289590517,0.055862582675248115,-0.07984889787031393,-7.278273687468054,2.5736826239948978,-0.1606054495404897,0.030389961344639106,-0.17278093525637808,0.00983754612941564,-0.6279088366838361,-0.0742044316618646,0.03461768811862694,0.030046661522326264,0.007420443320902295,9.400138588919333,0.055841948234819014,-0.07979242236299357,-7.275148009358973,2.573509323115945,-0.16056334997940563,0.03039109572528023,-0.17274109547833436,0.009837157529848387,-0.6276201148705453,0.07417032866871826,0.03460380680113938,0.03003273354379469,-0.007417032712156277,5.197176906719823,0.018751566121648366,0.08351206601071455,-0.020137544826291993,0.018744980834011164,0.08348110171009633,0.020130033794336318,-0.0926176313031592,-0.00018944053234221512,0.9311104120811001,nan,nan,nan,nan,nan,nan
20,0.10500000000000002,Standing,-0.034898567643235144,0.8532911158657754,-0.5078892829553113,0.903602193522047,0.0014994784204925785,-0.40068164130984285,-0.6985305468043191,0.32305233139253536,0.03972939225809001,0.024965236356747113,0.03229910115196207,0.027096881695937908,-0.2832750774185012,0.019652310260341282,-0.02575590930874337,-0.3986416984652946,-0.024912230939513853,0.9033870116112992,0.0014965460432246266,-0.4006792719903386,-0.697987799081178,0.32046125569779355,0.03973764959398602,0.024965706870261048,0.03230769670816507,0.027098135818504832,-0.28323040612724143,-0.01965759355761666,-0.02575873275112559,-0.39864381475707383,0.024912759442281947,0.5443132027432381,-0.027953379575546472,-0.07644677967829508,0.0806151603660724,-0.027953769942621467,-0.07644861490693841,-0.08061560540096104,-0.4498024529983194,-1.362104927432719,-4.7681866766524985,9.174829877686694,0.054452284732809934,-0.08207603353988158,-7.204235073428524,2.5586564285303712,-0.1508184398811224,0.026195125675184568,-0.16080323899439605,0.008674823463598238,-0.6212680541391276,-0.07341863328289655,0.03431412355337105,0.02970368720134927,0.007341863457679523,9.159002274170758,0.054178107702598594,-0.08201358636401551,-7.137146630108647,2.034423663599874,-0.150160862578729,0.026440550056707784,-0.160116425975192,0.008993162687321924,-0.6158660872105645,0.07277951284111493,0.03395209596665973,0.029448953704901894,-0.007277951154722333,4.989550042959399,0.01929680286491061,0.08662353237847338,-0.02090318572498952,0.01926535969746854,0.08647571237228709,0.020867327508667394,-0.09225706242222183,-0.00018861601655747543,0.9270616827002637,nan,nan,nan,nan,nan,nan
21,0.11000000000000003,Standing,-0.03689194396465486,0.8469719839339637,-0.5208569226830781,0.9379283765049147,0.0017648261451379441,-0.4011084376064085,-0.7346855444643149,0.3346820183085621,0.03901335270520435,0.025079076662593625,0.03154273170680865,0.02713647151199272,-0.28638816806548706,0.019284726302268546,-0.025586750398575248,-0.39849489221067586,-0.024875472543165758,0.9377275633390358,0.001761509625617265,-0.4011029254502207,-0.7342265450369043,0.33366861195809944,0.03902345366656938,0.0250775525523465,0.03155313133219202,0.027135677507910447,-0.2863493597756646,-0.019289314067151318,-0.02558900066154992,-0.39849674193481815,0.024875931493776236,0.5557805679210276,-0.027870394807424977,-0.07608885385414943,0.08052935201158963,-0.027870778290406423,-0.07609065716592862,-0.080529789298316,-0.39867526428394334,-1.263826386362347,-2.5935279455533555,6.8652365965735385,0.053069544929073134,-0.08535925931313183,-7.230999531999155,2.325937383205343,-0.14320791057713253,0.022768061169302092,-0.151273889030684,0.007917963210962626,-0.6226181293971662,-0.07351679161454747,0.033831782033624774,0.02936125092375763,0.0073516792696192235,6.86811034554734,0.052992716478527685,-0.08473069197642415,-7.247749191145249,2.641471252061173,-0.14283918548332755,0.022369136417090596,-0.15091307519461034,0.0075083378811227385,-0.623790729684642,0.07365589809306804,0.03394641791513346,0.029414564451130696,-0.007365589701142327,2.2934730355578905,0.01659695362429902,0.07158516482913097,-0.017161670896554633,0.016598330443008406,0.0715915482019575,0.017163220529007615,-0.09189290193444702,-0.00018774661165674088,0.9227929273829064,nan,nan,nan,nan,nan,nan
22,0.11500000000000003,Standing,-0.03872950511941836,0.8408058502837982,-0.5277051070285756,0.9660123457646537,0.0020284984178494904,-0.40155200760099213,-0.771507094856802,0.3486523664345848,0.03832844804716932,0.025175431199724017,0.030825972290264275,0.027170454982244328,-0.28955113412198774,0.018911216779362153,-0.025413427459652388,-0.3983457331502297,-0.02483812159042316,0.9658324348572259,0.002025580828954458,-0.40154612092385245,-0.7711425920935061,0.3486095219994762,0.0383378051912525,0.025173450888605182,0.030835552429270153,0.027169053470251642,-0.28951941060979336,-0.018914965541713277,-0.025415130277507483,-0.39834725242802294,0.024838496641684388,0.5596681139396793,-0.02779758516162742,-0.07577499323025595,0.08045411341945012,-0.027797945505124294,-0.07577668818747858,-0.080454524415982,-0.36751223095270036,-1.2332267300330948,-1.3696368690994967,5.6167938519478025,0.052734454542309246,-0.08871399891672264,-7.364310078497431,2.7940696252045463,-0.13698093160700558,0.01927090742607855,-0.1433518833088751,0.006796694050321154,-0.6325932113001396,-0.07470190458127868,0.034664587784572154,0.029831812089228332,0.007470190548519427,5.620974303638017,0.05281424066743853,-0.0886390947263485,-7.38320941132035,2.9881820082753574,-0.1371296950633758,0.01917966725173594,-0.1435157805843741,0.006675192468238876,-0.6340101668257524,0.07486970508760793,0.034774076808487174,0.029897901359048164,-0.007486970418369226,0.7775092037303402,0.014561929159511294,0.06277212477869668,-0.015047718427901795,0.014566557056425924,0.06279379569000898,0.015052976466800377,-0.09152916460192827,-0.00018684021476414253,0.9183420083479784,nan,nan,nan,nan,nan,nan
23,0.12000000000000004,Standing,-0.04047212345078394,0.8346072658974271,-0.5312080860081435,0.9908246232217712,0.002290837190888166,-0.4020151082409066,-0.8089502379039432,0.3644935567982099,0.0376717896529811,0.025256859100231864,0.030145203675731914,0.02720067471552494,-0.29276295280582193,0.018531801585757963,-0.025235257647254747,-0.39819357183546056,-0.024800180070685147,0.9906666080980883,0.002288532644003622,-0.40200999119040143,-0.8086678332679251,0.36498254745098396,0.03767940069494114,0.025255134550334374,0.030152958224059664,0.027199358217615623,-0.29273771159131046,-0.018534783402183643,-0.02523652865916071,-0.3981947849155634,0.024800478428109018,0.5594371465092499,-0.02773175341776826,-0.07548594709303001,0.08038461610952227,-0.027732084407921038,-0.07548750433843325,-0.08038499369598971,-0.3485236662731143,-1.239716877274221,-0.7005957959135728,4.962455491423512,0.052467754607735076,-0.09262012798289297,-7.488628609428231,3.168238072725014,-0.13133167883764488,0.016285580101569386,-0.13615372290647249,0.006043946656122138,-0.6423637367668407,-0.07588303872083799,0.03563396247952847,0.030432262953825905,0.0075883039476026225,4.966834648172464,0.05259036300983282,-0.09277405330979552,-7.505048234883812,3.2746050903015522,-0.13168089926227164,0.016336732345838385,-0.13651884104209766,0.006060949472796541,-0.6436601963034215,0.07603642790592652,0.03572032366935452,0.0304935024918971,-0.007603642715073941,-0.04619348608588347,0.013166348771832329,0.057809227445187066,-0.013899461985569345,0.01317221944065125,0.057836769809065616,0.013906143998456626,-0.0911583213624556,-0.00018589673090670374,0.9137089544147207,nan,nan,nan,nan,nan,nan
24,0.12500000000000003,Standing,-0.04215183218378585,0.8282723855382889,-0.5329686120337728,1.0140084963145433,0.002549707911955388,-0.4024983182931316,-0.846833929474839,0.381257302852731,0.0370436486112833,0.025325160441134333,0.029500110999984116,0.027228473385827276,-0.29601106874940064,0.018147961294740438,-0.025053292780731495,-0.3980389096661986,-0.02476179604126799,1.0138717342311714,0.0025479989621434566,-0.40249427761001,-0.8466187316716594,0.3820167437534191,0.037049332042161834,0.025323918090307092,0.02950586857810702,0.027227483727885117,-0.29599138981414763,-0.018150285451368632,-0.02505423509554048,-0.3980398577463413,0.024762028633342918,0.5571035730629724,-0.027670315572173348,-0.07520982262724638,0.08031798548394863,-0.027670614499275104,-0.07521122927095583,-0.08031832653521048,-0.33594174660038284,-1.2669760718276422,-0.35210520512585064,4.636774618554395,0.051774144213444374,-0.09664201044499934,-7.57673831417918,3.3527492109042236,-0.12562820833955946,0.01366026818049382,-0.12901853514955963,0.005559734060467138,-0.6496231887157424,-0.076768058203505,0.036392973304650224,0.030932433852396524,0.007676805883430865,4.641025226616644,0.051893263627966965,-0.0968572839217137,-7.590179680746848,3.4068392604870255,-0.12601373055586174,0.013756707994543583,-0.12941792919052852,0.005625102053898653,-0.6507356445674388,0.07689959016300245,0.0364587127240458,0.03098543384442192,-0.00768995895321996,-0.46671468925550197,0.012287569118982504,0.055224893156727274,-0.013326125114729801,0.012293981729187017,0.055255013495483014,0.013333432155845861,-0.09077786893320043,-0.00018491573210117855,0.9088916927056758,nan,nan,nan,nan,nan,nan
25,0.13000000000000003,Standing,-0.04378378742149014,0.821743044868402,-0.5338993882188877,1.0364632836908512,0.002802288824016062,-0.4030004136846313,-0.8849891076887814,0.3984019128202061,0.0364454635954575,0.025381154870010258,0.028891593203943414,0.027254276910743537,-0.2992828310632422,0.01776122010121821,-0.02486879278672088,-0.39788248237786283,-0.02472312192165236,1.0363461744531528,0.002801075479537655,-0.4029973965946138,-0.8848267531116674,0.39927789926716584,0.03644941306858521,0.02538039755088404,0.028895562556661796,0.027253646180087358,-0.2992677171112924,-0.01776300478886044,-0.024869491475340726,-0.39788321159699774,0.02472330056735551,0.5538264563403518,-0.027611350700163077,-0.0749392356843462,0.08025249131498989,-0.027611617303570875,-0.07494049038332395,-0.08025279550658541,-0.32639104754085796,-1.3058681339773741,-0.18615523702299136,4.490957475261562,0.050516182412134826,-0.10041907829994347,-7.631035642788458,3.4289219934950115,-0.11963700316516042,0.01119888577518487,-0.12170355920814004,0.0051607049832522855,-0.6543524627683102,-0.07734823870444578,0.03689999880212258,0.031285457667149755,0.007734823923126611,4.4948880443963,0.0506153034788397,-0.10062379692076244,-7.641604288001613,3.452231102749349,-0.11998379471532512,0.011295892115389084,-0.12206120428904517,0.005232490440448011,-0.6552654594289551,0.07745613250163808,0.03694872403995103,0.03132922986871228,-0.007745613197481836,-0.6554233445241375,0.011792974402054433,0.05411738858003464,-0.013098833791747491,0.011799439140845717,0.054147777526374105,0.013106205725013363,-0.09038780949781866,-0.00018389618141032693,0.903885136620153,nan,nan,nan,nan,nan,nan
26,0.13500000000000004,Standing,-0.04535996837089581,0.8150248701362898,-0.5339097458852949,1.0580586883782919,0.003046087904743104,-0.4035202937598525,-0.92335339129758,0.41575294267103585,0.03587767772245418,0.025425312736583258,0.028319569755237292,0.027278078462494307,-0.3025732785353923,0.017372216903513163,-0.024682656657235777,-0.3977248436383533,-0.024684221601661893,1.0579442332070432,0.0030450259854571072,-0.4035181202322457,-0.9231904480178765,0.4162572906630958,0.0358803490451812,0.025425209964663586,0.028322216279207436,0.027278008615204193,-0.3025585059284546,-0.017373961916382352,-0.02468340220982193,-0.39772555292871575,0.02468439628032766,0.5495097440248701,-0.027554608233312967,-0.0746755890781901,0.08018856942015588,-0.02755487551718782,-0.07467684691726446,-0.08018887437371232,-0.3152361898811342,-1.3436349464224553,-0.0020715332814533194,4.3190809374881525,0.048759816145408405,-0.10397601504423676,-7.672856721759733,3.470205970165947,-0.11355717460066372,0.008831573314599998,-0.11440468974122435,0.004760310350153952,-0.6580894944300119,-0.0778006395410091,0.03722722589702097,0.03152774790190382,0.007780063998093065,4.319611750778097,0.048790101183890495,-0.10414472752638372,-7.672738981241841,3.3958782791859874,-0.11381280468080236,0.008962482755909695,-0.11466925549087212,0.004872487023366934,-0.6581577634324483,0.07780857449561793,0.03721785310375907,0.03153173365639621,-0.007780857405569655,-0.8633424630963331,0.011348493370021973,0.05272932123122029,-0.012784378966800859,0.011348357276610916,0.05272869321189826,0.012784226574620281,-0.08998885793577335,-0.00018283720891419975,0.8986850159591382,nan,nan,nan,nan,nan,nan
27,0.14000000000000004,Standing,-0.04687284941131924,0.8081249945791465,-0.5328895573772898,1.0786371049340215,0.003278735003542169,-0.40405683007032417,-0.9618434582167154,0.43284316295104647,0.035340139987318636,0.025458318194955937,0.02778337105608509,0.027300052510811516,-0.3058755369456645,0.016981796407469864,-0.024495666844967456,-0.3975665143866955,-0.024645179551873904,1.0785249149853908,0.0032777596038681862,-0.40405485575841477,-0.9616769918477602,0.43310956638521564,0.03534218659917819,0.025458497610653108,0.027785361267486652,0.027300202132817038,-0.30586078066068256,-0.01698353994908506,-0.024496455640971696,-0.3975672205546368,0.02464535408378159,0.5440307580099614,-0.02750014396741525,-0.07442075065269987,0.08012673100396941,-0.027500412389944228,-0.07442201375751227,-0.08012703723549354,-0.302576208084686,-1.3799751114286518,0.20403770160103202,4.115683311145914,0.04652941975981297,-0.1073072620943327,-7.69801338382708,3.4180440560021235,-0.10750754702710952,0.006601091674535901,-0.10723973983044051,0.004394809663441762,-0.6604516820544396,-0.07808409920866016,0.03739796245366405,0.0316658503315672,0.007808409957597947,4.116136355669511,0.04654672368221577,-0.10734710523381596,-7.697308765976743,3.3704551444239677,-0.10763248920060184,0.00665752919790421,-0.10737100234415672,0.004438703522569339,-0.6604549464455893,0.07808439345945825,0.03738931377004679,0.03166647481579797,-0.007808439309213946,-1.0957972029817418,0.01089285317954324,0.050967685098042614,-0.012367683237293946,0.010892625448718163,0.05096663195043909,0.012367427643756332,-0.08958139530892233,-0.00018173804867514532,0.8932876229401948,nan,nan,nan,nan,nan,nan
28,0.14500000000000005,Standing,-0.048316554910849324,0.8010501009632436,-0.5307409519182792,1.0980773474988543,0.003498388154224912,-0.4046085637033113,-1.000437788702198,0.44982672173394334,0.03483216222318527,0.025480368713894908,0.02728180787356138,0.027319860117898977,-0.30918750536247236,0.016590223892372035,-0.024308099232574345,-0.39740770353185445,-0.024606022300210785,1.0979676226711803,0.003497485213382677,-0.40460652350534476,-1.000268370864053,0.44994172217727924,0.034833914631734436,0.025480645596113207,0.027283480772527485,0.027320062571424747,-0.3091727150676852,-0.016591971735412415,-0.02430891635558773,-0.39740840999483407,0.024606197262567662,0.5372789091167611,-0.02744812357476236,-0.07417642035007292,0.08006741992454007,-0.027448392196188817,-0.0741776842949217,-0.0800677263605728,-0.2887410999060176,-1.4149787231805901,0.42972109180212625,3.8880485129665696,0.04393063013654865,-0.11034672659742308,-7.718866097096525,3.396711756579372,-0.10159555282667333,0.004410103787793888,-0.10031263650474168,0.003961521417492365,-0.6623936833615727,-0.07831450301956577,0.037513522478622566,0.03176217096820787,0.007831450332624034,3.888541537157905,0.04394512190289808,-0.11033354938599524,-7.7182758032585435,3.3664311584127136,-0.10165439348875147,0.004429597092019834,-0.10037609899183349,0.003972087721541624,-0.6623868814005246,0.07831364273452901,0.03750785707679372,0.03176211196054166,-0.007831364242785535,-1.350369778640052,0.010404078530577867,0.04886606052539061,-0.011862215885870192,0.010404038751082019,0.04886589251811227,0.01186217498414851,-0.0891656666408247,-0.00018059812635414608,0.8876900740151066,nan,nan,nan,nan,nan,nan
29,0.15000000000000005,Standing,-0.049686197553105924,0.7938068012107343,-0.5273736319580657,1.1162710105984082,0.0037033666701853166,-0.40517451973896534,-1.039125589646936,0.46680961218811007,0.034352129080834425,0.02549187382196199,0.02681270705998402,0.027337374749291658,-0.31250797092461646,0.01619764985741049,-0.024120095372613136,-0.39724852735853083,-0.02456676507346512,1.116164157778198,0.0037025425165757254,-0.40517233550167253,-1.0389551431754687,0.46682924855957664,0.03435374075107444,0.02549216457060502,0.026814226298190785,0.027337555094420107,-0.31249322558641285,-0.01619939266144341,-0.024120923869100447,-0.3972492310442025,0.024566939520552358,0.5291513401682116,-0.027398793620654872,-0.07394429434086562,0.08001106508991601,-0.027399060896408266,-0.07394555186811635,-0.08001136996989315,-0.27392852845132043,-1.4486599505018534,0.6734639920426839,3.6387326199107806,0.04099570319208086,-0.11319120713081729,-7.737560188947596,3.3965780908333487,-0.09600662847016903,0.002301021613416189,-0.09382016271547214,0.003502926278536064,-0.6640931124288182,-0.07851480699230876,0.03760077199224147,0.03183523466472353,0.007851445349132652,3.6393070214035483,0.04101146063860974,-0.11316239926555205,-7.737354462283144,3.377505276459484,-0.09603477613199932,0.0023037948983623473,-0.09385089486734009,0.003498504599072159,-0.6641021037455365,0.07851581479380114,0.03759849729745676,0.03183579012630762,-0.007851548403060694,-1.6255137897098964,0.009865990821497665,0.046425201841461206,-0.01127096692481305,0.009866259956110483,0.04642648536106967,0.011271278135929215,-0.08874169364382677,-0.00017941719878581224,0.8818911708249926,nan,nan,nan,nan,nan,nan
30,0.15500000000000005,Standing,-0.050977592013794606,0.7864022903037465,-0.5227094669891779,1.1331181241847532,0.003891964523463499,-0.40575357790288724,-1.0778850916688743,0.483858113398294,0.03389788429970117,0.025493358068592768,0.02636812850819838,0.027355129063916735,-0.3158349267401148,0.015804180120456583,-0.023931812538087002,-0.3970891085579204,-0.02452743167405588,1.1330145844591297,0.0038912314204474557,-0.40575125845930693,-1.0777158597771603,0.48381869788603327,0.03389941676289301,0.025493631027659745,0.026369599521722964,0.02735524460788388,-0.3158203565069987,-0.015805903379818725,-0.023932637106823244,-0.39708980369330027,0.024527604061969837,0.5195596499245838,-0.02735244818310398,-0.07372607063041405,0.07995808844592525,-0.027352712368647676,-0.0737273135481479,-0.07995838978257334,-0.25827889213773625,-1.4809021813975498,0.9328329937775741,3.3694227172690137,0.037719570655636456,-0.11581163278437512,-7.751900404387632,3.4097002420367866,-0.09084895622665118,0.0002968493261557826,-0.0889157103571278,0.0035508629250158956,-0.6653911630996678,-0.07869394739078145,0.03765656690522641,0.031883760122089884,0.007866679881848254,3.370085336186368,0.03773778077434607,-0.11578459152687785,-7.752143320338322,3.3978898652913205,-0.09086479763628659,0.00029329141094536606,-0.08892535529356387,0.0035379026927543538,-0.6654261841171697,0.07869785632493713,0.0376573524554407,0.03188547018044994,-0.00786709171650441,-1.918338048725572,0.00926908751017852,0.04364474209031437,-0.010595328798152583,0.009269705552118146,0.04364766399369048,0.01059603746396097,-0.08830941274758816,-0.00017819505261145612,0.875889863683587,nan,nan,nan,nan,nan,nan
31,0.16000000000000006,Standing,-0.05218730880804043,0.7788446475033919,-0.5166862583949573,1.1485281557194313,0.004062413829214584,-0.40634423152606935,-1.1166772171841597,0.5010077396914348,0.033466911389047865,0.025485409242642258,0.02593352774847589,0.027377901552338556,-0.3191650126790202,0.015409958049265567,-0.02374347128258179,-0.39692961475846644,-0.024488061316187304,1.148428298112641,0.004061783139861636,-0.4063418193402208,-1.1165112203925875,0.5009327824175173,0.03346838302889281,0.025485657562170624,0.025935030850039464,0.027377928964563394,-0.31915075136139853,-0.015411647071349866,-0.023744279856278364,-0.39693029519992146,0.0244882300616804,0.5084347062768152,-0.027309402475243445,-0.07352340905048632,0.07990889827781189,-0.0273096619096616,-0.07352462956219351,-0.07990919417974592,-0.24194335884916374,-1.5115285600709316,1.204641718844105,3.082006306935633,0.03408986115021701,-0.11813072463642499,-7.758425103057105,3.429925258628143,-0.0861945821306605,-0.0015897651901020805,-0.08692015194449766,0.004554497684363893,-0.666017187781078,-0.07884441423820315,0.0376682511010427,0.031898759890795665,0.00787407157371486,3.0827427307022646,0.034110343882836215,-0.1181121761827678,-7.759072123085424,3.422816906296806,-0.08620674680003926,-0.0015946930978243674,-0.08691373433669992,0.0045368713359031036,-0.6660789708799709,0.07885126169377192,0.037671450108976115,0.03190169867576327,-0.007874800057887517,-2.2249887295537323,0.008609141572107126,0.04053231598554529,-0.00983803362267099,0.008610091797215795,0.040536797190880144,0.009839120565484853,-0.08786877342068553,-0.0001769315752367441,0.8696855990297728,nan,nan,nan,nan,nan,nan
