step,time,phase_name,hamstrings_r.tendon_length,hamstrings_r.tendon_velocity,hamstrings_r.actuator_force,hamstrings_r.activation,bifemsh_r.tendon_length,bifemsh_r.tendon_velocity,bifemsh_r.actuator_force,bifemsh_r.activation,glut_max_r.tendon_length,glut_max_r.tendon_velocity,glut_max_r.actuator_force,glut_max_r.activation,iliopsoas_r.tendon_length,iliopsoas_r.tendon_velocity,iliopsoas_r.actuator_force,iliopsoas_r.activation,rect_fem_r.tendon_length,rect_fem_r.tendon_velocity,rect_fem_r.actuator_force,rect_fem_r.activation,vasti_r.tendon_length,vasti_r.tendon_velocity,vasti_r.actuator_force,vasti_r.activation,gastroc_r.tendon_length,gastroc_r.tendon_velocity,gastroc_r.actuator_force,gastroc_r.activation,soleus_r.tendon_length,soleus_r.tendon_velocity,soleus_r.actuator_force,soleus_r.activation,tib_ant_r.tendon_length,tib_ant_r.tendon_velocity,tib_ant_r.actuator_force,tib_ant_r.activation,hamstrings_l.tendon_length,hamstrings_l.tendon_velocity,hamstrings_l.actuator_force,hamstrings_l.activation,bifemsh_l.tendon_length,bifemsh_l.tendon_velocity,bifemsh_l.actuator_force,bifemsh_l.activation,glut_max_l.tendon_length,glut_max_l.tendon_velocity,glut_max_l.actuator_force,glut_max_l.activation,iliopsoas_l.tendon_length,iliopsoas_l.tendon_velocity,iliopsoas_l.actuator_force,iliopsoas_l.activation,rect_fem_l.tendon_length,rect_fem_l.tendon_velocity,rect_fem_l.actuator_force,rect_fem_l.activation,vasti_l.tendon_length,vasti_l.tendon_velocity,vasti_l.actuator_force,vasti_l.activation,gastroc_l.tendon_length,gastroc_l.tendon_velocity,gastroc_l.actuator_force,gastroc_l.activation,soleus_l.tendon_length,soleus_l.tendon_velocity,soleus_l.actuator_force,soleus_l.activation,tib_ant_l.tendon_length,tib_ant_l.tendon_velocity,tib_ant_l.actuator_force,tib_ant_l.activation
0,0.005,Standing,0.4201223480305749,0.0,0.0,0.0,0.24598155950629338,0.0,-297.4483830027054,0.0,0.20950694767158395,0.0,0.0,0.0,0.5440919807896909,0.0,-16393.2804718355,0.0,0.47584710435049693,0.0,-238.05539867956358,0.0,0.18278673383901273,0.0,0.0,0.0,0.45015657892407046,0.0,0.0,0.0,0.2913979577828231,0.0,0.0,0.0,0.30378507609891625,0.0,0.0,0.0,0.42012234803057485,0.0,0.0,0.0,0.24598155950629344,0.0,-297.4483830027064,0.0,0.20950694767158398,0.0,0.0,0.0,0.4655644795153633,0.0,-11685.223819841895,0.0,0.4758471043504969,0.0,-238.05539867956287,0.0,0.18278673383901287,0.0,0.0,0.0,0.45015657892407057,0.0,0.0,0.0,0.29139795778282307,0.0,0.0,0.0,0.3037850760989162,0.0,0.0,0.0
1,0.01,Standing,0.4210073684728914,0.17349349002631825,0.0,0.0,0.24480573880392384,-0.24483380568439897,-273.6248441945571,0.0,0.21186335836585896,0.46873452884922717,0.0,0.0,0.4581125809396844,-17.098842621465547,-11238.450904750083,0.0,0.471327136400463,-0.9006217472427869,-166.07978857013947,0.0,0.18551212930201866,0.5288863436171997,0.0,0.0,0.4501662503634351,0.0033033238425728695,0.0,0.0,0.2926895540373298,0.25690251364513644,0.0,0.0,0.30249456634427685,-0.2588898366141378,0.0,0.0,0.42093474385111923,0.15385675035514312,0.0,0.0,0.24435762729498278,-0.34261182260489204,-264.8072357429105,0.0,0.21235077113467915,0.5650076773162936,0.0,0.0,0.40184131523827304,-12.689614118471521,-7864.749940088932,0.0,0.47006065732195285,-1.1486731627600175,-148.2300785311579,0.0,0.18646079726899006,0.7046870594513311,0.0,0.0,0.4502562910910935,0.022316440702473517,0.0,0.0,0.2932284917230998,0.36320152921567844,0.0,0.0,0.30194948937152544,-0.368675125184706,0.0,0.0
2,0.015,Standing,0.4224814396382279,0.2846764494661693,0.0,0.0,0.24260933401187845,-0.46680239285137204,-231.7863866870623,-0.0,0.21581960092466,0.7830702294653665,0.0,0.0,0.35288182600323476,-20.498807350675744,-4929.4209759596715,-0.0,0.463781978656152,-1.495270433278539,-74.72046008643115,-0.0,0.1898262435361459,0.8128132669264301,0.0,0.0,0.4499937921336013,-0.03178071535917282,0.0,0.0,0.2946025235965075,0.37915273842015657,0.0,0.0,0.30054156642325136,-0.39220289694851707,0.0,-0.0,0.42223680337097597,0.2387563464542659,0.0,0.0,0.241330225205876,-0.6529140053142084,-209.01968453563487,-0.0,0.2170318946926662,0.9243755629462591,0.0,0.0,0.3234061540902567,-15.327103804734145,-3162.2294701827595,-0.0,0.4607015700529649,-1.8405466143632836,-47.772994409547074,-0.0,0.19198183717291067,1.0166580738734057,0.0,0.0,0.4500246575353996,-0.04196299695020955,0.0,0.0,0.29570482327256903,0.48918834975508835,0.0,0.0,0.29939243909613095,-0.5139675710293196,0.0,-0.0
3,0.02,Standing,0.4241888201431756,0.3279376406686493,0.0,0.0,0.2397464012856338,-0.6091669603265766,-182.4598758067088,-0.0,0.22037389593859116,0.89822793427832,0.0,0.0,0.27571299498663454,-12.906304290711407,-407.34940636074543,-0.0,0.4551803995035548,-1.6944314709239534,-14.492605946844474,-0.0,0.19439778203685704,0.8436333145256779,0.0,0.0,0.449375235520344,-0.12152689536556738,0.0,-0.0,0.29630627796370634,0.33771811314143396,0.0,0.0,0.29875777977382556,-0.3579119150120069,0.0,-0.0,0.4237330440404421,0.27562502156439006,0.0,0.0,0.23746714721703965,-0.8295498360766026,-147.40420097973893,-0.0,0.2222732916277292,1.0306002537128809,0.0,0.0,0.2662398248586693,-9.263260582116564,-117.58318027968573,-0.0,0.4505410215546438,-1.9792633550788725,-1.4350000783284638,-0.0,0.1974250116825495,0.9766513490363777,0.0,0.0,0.44897693814009,-0.20652876582559687,0.0,-0.0,0.29752800101562477,0.36091712434731005,0.0,0.0,0.2974513550857694,-0.3894342852611201,0.0,-0.0
4,0.025,Standing,0.4259044409921042,0.3309922514179706,0.0,0.0,0.2366791289117616,-0.6467552586911901,-136.15335415510484,-0.0,0.22476109760891153,0.8638392480172568,0.0,0.0,0.2487627326988451,-2.1186439439251346,0.0,-0.0,0.4470561691533532,-1.5921010394814772,0.0,-0.0,0.19840957375679208,0.7353177564583835,0.0,0.0,0.4482528968044173,-0.22423206969614123,0.0,-0.0,0.2973559620518269,0.2086947662078562,0.0,0.0,0.29763674964300185,-0.2246082466292733,0.0,-0.0,0.4252852324978245,0.2929399358887348,0.0,0.0,0.23340909614928987,-0.8590972191827375,-94.23744735721382,-0.0,0.22722675858807895,0.9720357266995338,0.0,0.0,0.24713870539509733,-1.819872820923203,0.0,-0.0,0.44136837127167544,-1.769402938828841,0.0,-0.0,0.20196345639439717,0.8104991416665528,0.0,0.0,0.4470892360924319,-0.3785244925781482,0.0,-0.0,0.2982522377834366,0.14421988074187966,0.0,0.0,0.29666563232514775,-0.15732044906890064,0.0,-0.0
5,0.030000000000000002,Standing,0.4276360615697368,0.33628814401873985,0.0,0.0,0.2335570625351966,-0.6524858571097099,-95.96799616276157,-0.0,0.22887824047165928,0.8096740302287737,0.0,0.0,0.24672541508414117,0.6103262421632326,0.0,-0.0,0.4396818801209799,-1.4354387469443484,0.0,-0.0,0.20191578743936828,0.644165041810713,0.0,0.0,0.44667538974998555,-0.31733039289892845,0.0,-0.0,0.2977765858647965,0.08391741496197504,0.0,0.0,0.29718262976984855,-0.09088544346187737,0.0,-0.0,0.42694502912517035,0.32013807164456143,0.0,0.0,0.22936805049187925,-0.8448327457503771,-53.06217664949033,-0.0,0.23180870232117112,0.8977485654383471,0.0,0.0,0.24280209404625236,-0.42825192099249376,0.0,-0.0,0.43349250084048546,-1.4941516388508047,0.0,-0.0,0.2058486654915139,0.7012723157986285,0.0,0.0,0.4444869537924242,-0.525983665833675,0.0,-0.0,0.2980197349808446,-0.0465657999208063,0.0,0.0,0.29691880892116784,0.050617268919554426,0.0,-0.0
6,0.035,Standing,0.4294002424491739,0.3447274990915533,0.0,0.0,0.23046833125230498,-0.6404730039741953,-63.10973821647347,-0.0,0.23270861219760328,0.7525135714220645,0.0,0.0,0.24847142850928391,0.6621973521427013,0.0,0.0,0.4331700819697111,-1.2539566348626572,0.0,-0.0,0.20506476116377956,0.5839737092328329,0.0,0.0,0.44470179367477325,-0.39854519580129305,0.0,-0.0,0.29764490671693106,-0.02635625635813587,0.0,0.0,0.29732510212817015,0.028488461990805233,0.0,-0.0,0.42874969161176124,0.3533487356895546,0.0,0.0,0.22548036675328434,-0.8041266420453428,-24.53343905819673,-0.0,0.2360142986777094,0.8229356075887959,0.0,0.0,0.24100619057320036,-0.17421514598520996,0.0,-0.0,0.42712323782620315,-1.1770258693553781,0.0,-0.0,0.20935487418444665,0.6459367368582419,0.0,0.0,0.4412857998387301,-0.6499733266938703,0.0,-0.0,0.2969836073708984,-0.20846849804688947,0.0,0.0,0.29803639376522106,0.22313201734200017,0.0,0.0
7,0.04,Standing,0.4312058552572949,0.3545628107979508,0.0,0.0,0.22747715219752956,-0.6159850400492551,-37.82864096623535,-0.0,0.236254288139083,0.695977328825893,0.0,0.0,0.248838165846781,0.15326585927750766,0.0,0.0,0.42762586996438234,-1.0507772013930479,0.0,-0.0,0.20798468806971127,0.5486884365246133,0.0,0.0,0.4423892515083609,-0.46809439624224125,0.0,-0.0,0.2970368135048246,-0.12204381136631441,0.0,0.0,0.2979794228174784,0.13073077552369838,0.0,0.0,0.4307077427594163,0.3867108666847653,0.0,0.0,0.22183106391984656,-0.7479808042654854,-7.644201019566192,-0.0,0.23986115778657727,0.7518539351097555,0.0,0.0,0.23950406803254348,-0.21664978913368008,0.0,-0.0,0.42234719974749135,-0.8613476501157418,0.0,-0.0,0.2126806867053526,0.6264104279529356,0.0,0.0,0.4375847071637274,-0.7531582205923482,0.0,-0.0,0.2952732167252669,-0.3451906210825904,0.0,0.0,0.2998445157417722,0.36045450781790717,0.0,0.0
8,0.045,Standing,0.433054335955999,0.3642380597695476,0.0,0.0,0.2246254766724205,-0.5837326409797692,-19.717935331617326,-0.0,0.23952878377025635,0.6422460493968238,0.0,0.0,0.247202246722887,-0.31604026853395234,0.0,0.0,0.4231142852451322,-0.8401937727168838,0.0,-0.0,0.21077003772406358,0.5305876239119824,0.0,0.0,0.43978955483087856,-0.5269019930760649,0.0,-0.0,0.2960209460616263,-0.2043023186042283,0.0,0.0,0.29905954961600123,0.21562734819468876,0.0,0.0,0.43280744097393686,0.41639746402812183,0.0,0.0,0.21846430003224265,-0.6847352321489255,-0.5564120691343418,-0.0,0.24337730639333022,0.6864369152584806,0.0,0.0,0.23764276656220135,-0.3418388755363882,0.0,-0.0,0.4189729057385916,-0.6066083899606949,0.0,-0.0,0.2159391094461341,0.6249565802537916,0.0,0.0,0.43346713003668236,-0.8383222546163012,0.0,-0.0,0.292992729340714,-0.4609904556176827,0.0,0.0,0.30218842400586876,0.46645072710914026,0.0,0.0
9,0.049999999999999996,Standing,0.43493101613488616,0.3705850585506204,0.0,0.0,0.2219400989834074,-0.5467035093685524,-8.010019858095372,-0.0,0.2425442284706142,0.5910287511927046,0.0,0.0,0.24412710882389627,-0.6185255699953168,0.0,-0.0,0.41959914484632477,-0.6482671912960576,0.0,-0.0,0.2134609879317646,0.5188141414576728,0.0,0.0,0.43763000995428175,-0.4383532931354933,0.0,-0.0,0.2953103348393606,-0.1426482151743384,0.0,0.0,0.2998057461183559,0.14903430636233464,0.0,0.0,0.43502367099587114,0.44006941624509055,0.0,0.0,0.21539576627938514,-0.6199465668745208,0.0,-0.0,0.24659249807375952,0.6269567347976017,0.0,0.0,0.23531927093325988,-0.4587827624543521,0.0,-0.0,0.41661209724545817,-0.4317738764339895,0.0,-0.0,0.21917210688216066,0.6279484232789054,0.0,0.0,0.4290065817422253,-0.9074359624361108,0.0,-0.0,0.29022751280308207,-0.5591691642266514,0.0,0.0,0.30493593224974064,0.5457024212254649,0.0,0.0
10,0.05499999999999999,Standing,0.43683491786663003,0.37634348185375377,0.0,0.0,0.21943333760548747,-0.5080398543259814,-1.760968864451658,-0.0,0.2453250807838997,0.5446676131562344,0.0,0.0,0.2402729952029508,-0.7735237115626561,0.0,-0.0,0.4169199818208834,-0.49442197779846614,0.0,-0.0,0.21610151712137007,0.5137620402655081,0.0,0.0,0.4357005584407643,-0.3921283900046191,0.0,-0.0,0.29471680133037487,-0.11906000068766587,0.0,0.0,0.3004232609602014,0.12335474046390711,0.0,0.0,0.4373027597120642,0.4523018138571573,0.0,0.0,0.21261403916567548,-0.558774408502138,0.0,-0.0,0.24952831918350435,0.5718163280832169,-5.480282114027875,0.0,0.23264651404063702,-0.5383061481818352,0.0,-0.0,0.4148936035479513,-0.32153064232630135,0.0,-0.0,0.22235760573348973,0.6236562047524636,0.0,0.0,0.42518739100294517,-0.7758379901142722,0.0,-0.0,0.28794803406184405,-0.4594279549314916,0.0,-0.0,0.3071291210724791,0.43586543761220037,0.0,0.0
11,0.05999999999999999,Standing,0.4387558549519661,0.37980387608735944,0.0,0.0,0.21710199287137769,-0.47066447019925645,0.0,-0.0,0.2478947036213605,0.5029223994322566,-0.5418999266023523,0.0,0.23613490434148993,-0.8261725435026092,0.0,-0.0,0.4148718983938137,-0.38126235640251727,0.0,-0.0,0.2187067238763318,0.5101669745926671,0.0,0.0,0.4338872439221293,-0.3687006877943898,0.0,-0.0,0.2941451617614683,-0.11464448545887759,0.0,0.0,0.30101316907664566,0.11783991714988973,0.0,0.0,0.4396259362024394,0.46042748537571454,0.0,0.0,0.2101042667492664,-0.501696209137147,0.0,-0.0,0.2522175322372662,0.5230920301034742,-24.829088078827855,0.0,0.22977370481740328,-0.5811706198784112,0.0,-0.0,0.41357335977034093,-0.250691623577631,0.0,-0.0,0.22549065101472507,0.6162069370461931,-10.739928073346555,0.0,0.42173360985643094,-0.700989659500077,0.0,-0.0,0.28590126817037936,-0.4117918289464064,0.0,-0.0,0.30904735624772495,0.3812944082347252,0.0,0.0
12,0.06499999999999999,Standing,0.4406832992215934,0.38099807098700833,0.0,0.0,0.2149377726539175,-0.43545512248096097,0.0,-0.0,0.2502741348563517,0.4653214397346726,-9.447561265447995,0.0,0.232026272903948,-0.8162605575311883,0.0,-0.0,0.4132723671077265,-0.3009819453217779,0.0,-0.0,0.22127832555961086,0.5057716788059026,0.0,0.0,0.43194544545329067,-0.3944016756686487,0.0,-0.0,0.29337124368046336,-0.15534007830540852,0.0,0.0,0.301804445856724,0.15798655921968713,0.0,0.0,0.44198195847870736,0.4661016779084802,0.0,0.0,0.2078592946346151,-0.44682429333033247,0.0,-0.0,0.2546854972914904,0.47933329076971676,-54.86964914005562,0.0,0.22683102558079205,-0.5949518008644299,0.0,-0.0,0.41249195323368004,-0.20661319248782173,0.0,-0.0,0.22852490467326153,0.5983443974993228,-54.49110539072091,0.0,0.418134944023537,-0.7292833193873618,0.0,-0.0,0.28359214750753564,-0.4644158227460043,0.0,-0.0,0.31115742344468617,0.4188745834973657,0.0,0.0
13,0.06999999999999999,Standing,0.44259975136081464,0.37859820768187447,0.0,0.0,0.21293189691803874,-0.40237369544551815,0.0,-0.0,0.25247716078267096,0.43045848192515246,-27.4359968782288,0.0,0.22812676094165332,-0.771272979131805,0.0,-0.0,0.41198184116319914,-0.24513979356910265,0.0,-0.0,0.22379765580667738,0.49691414663296574,-0.9730591870841123,0.0,0.42990075941191563,-0.41483531274146357,0.0,-0.0,0.2924271771089103,-0.18959810491899406,0.0,0.0,0.302758510332765,0.19039721904261275,0.0,0.0,0.44433728072529605,0.46493974994870146,0.0,0.0,0.20586105364675425,-0.3961867931919001,0.0,-0.0,0.256946165486969,0.43835635320114225,-92.70382181151409,0.0,0.2239195581085503,-0.5869948793432039,0.0,-0.0,0.41154256872166195,-0.18146726957364073,0.0,-0.0,0.23136605302460025,0.561086729052814,-126.00532847738238,0.0,0.41442600291566434,-0.7502339766389374,0.0,-0.0,0.28105831021332034,-0.5092345249021311,0.0,-0.0,0.31341139367107534,0.44683624638013403,0.0,0.0
14,0.075,Standing,0.44449075965622753,0.37325459374320935,0.0,0.0,0.21107662827793408,-0.3711501774529031,0.0,-0.0,0.2545157227445406,0.39796853076084326,-52.426559678135405,0.0,0.22452540888146422,-0.709245652600531,0.0,-0.0,0.410902346182714,-0.20633782192650607,0.0,-0.0,0.22624320108505463,0.48326475529609736,-18.444627345204488,0.0,0.42777722986321115,-0.4303570694491487,0.0,-0.0,0.291340349726518,-0.21834076446441736,0.0,0.0,0.30384212753080186,0.21615012949507498,0.0,0.0,0.4466639576350845,0.45813168108363106,0.0,0.0,0.20409445116340955,-0.34909178294833254,0.0,-0.0,0.25901111612922073,0.39970027482471016,-135.8830169427412,0.0,0.2211124601220008,-0.5634844942050355,0.0,-0.0,0.4106536224743787,-0.1694189266378992,0.0,-0.0,0.23391846305897393,0.5044871168976904,-215.44413638359146,0.0,0.410637213173378,-0.7647630241778787,0.0,-0.0,0.27832893996478714,-0.5479415686901283,0.0,-0.0,0.3157725939540048,0.46743384100071134,0.0,0.0
15,0.08,Standing,0.44634497591262906,0.365612440796032,0.0,0.0,0.2093675807835842,-0.34106681999823285,0.0,-0.0,0.25639956347139914,0.3674228725667526,-82.65175955245884,0.0,0.22125778394397044,-0.6405893757327886,0.0,-0.0,0.40996438250894596,-0.17982819266256367,0.0,-0.0,0.22857348372155362,0.4610339550703652,-55.458988431520616,0.0,0.42559803321333267,-0.4411529146494783,0.0,-0.0,0.29013302234743144,-0.24258268362938332,0.0,-0.0,0.3050280917921115,0.23645689412696885,0.0,0.0,0.44893865915689335,0.44665872470855045,0.0,0.0,0.20254516364354816,-0.3052983050379593,0.0,-0.0,0.2608906929377503,0.36312317199416294,-182.34129336430553,0.0,0.21846316271754238,-0.5286477612427609,0.0,-0.0,0.4097778644346086,-0.16625128278562595,0.0,-0.0,0.23610623277175494,0.43262891501759515,-311.08314782320065,0.0,0.4067924970474785,-0.7742297258428894,0.0,-0.0,0.27542548608899736,-0.5820868806977026,0.0,-0.0,0.3182142298234313,0.4826321210183279,0.0,0.0
16,0.085,Standing,0.4481533248772063,0.35614186985002116,0.0,0.0,0.20780106455893432,-0.31195094531539164,0.0,-0.0,0.25813715768810674,0.3385733182853848,-116.60353158705976,0.0,0.21833051493123223,-0.5708457689728254,0.0,-0.0,0.40911885829397215,-0.16221611986256507,0.0,-0.0,0.2307363058333161,0.42821340780575096,-107.59706188757964,0.0,0.4233817425354664,-0.4481679540981991,0.0,-0.0,0.28882313327019643,-0.2631862847871871,0.0,-0.0,0.3062944595710442,0.25237366713919934,0.0,0.0,0.4511421809284178,0.43139613349915323,0.0,0.0,0.2011982914084796,-0.2648331523409111,0.0,-0.0,0.2625948491788601,0.32854392147055045,-230.35776882740703,0.0,0.2160119054729454,-0.4853457662522053,0.0,-0.0,0.40888598938750736,-0.16871490339915698,0.0,-0.0,0.23788591968918243,0.35202611721599475,-401.80378968758225,0.0,0.40290968639710273,-0.7798793910953328,0.0,-0.0,0.2723634001800157,-0.6128593827524712,0.0,-0.0,0.3207171048391002,0.49393025459336004,-0.771166770989306,0.0
17,0.09000000000000001,Standing,0.44990884359857714,0.34527584589117116,0.0,0.0,0.20637412924799647,-0.2836292773572124,0.0,-0.0,0.2597362715054524,0.3112799564921076,-152.99905709496275,0.0,0.21573655791107993,-0.502625691303086,0.0,-0.0,0.4083296125432224,-0.1513115917461036,0.0,-0.0,0.23268188533361395,0.3853671607395228,-169.12586878276312,0.0,0.4211441759436911,-0.45196658457712824,0.0,-0.0,0.28742464611488344,-0.2809497048747269,0.0,-0.0,0.3076241006382515,0.26486467424810844,0.0,0.0,0.45325879285381643,0.41308289482304883,0.0,0.0,0.20003761612208146,-0.22786807082164434,0.0,-0.0,0.2641334390491195,0.2959361493114118,-278.52439646613294,0.0,0.21378956420555473,-0.435739687754494,0.0,-0.0,0.40796298809977727,-0.17413358535380594,0.0,-0.0,0.23925084169272826,0.26999999559219157,-479.2360221565611,0.0,0.39900553989369864,-0.7819304648022921,0.0,-0.0,0.26915821586750815,-0.6402146514828446,0.0,-0.0,0.3232641388114111,0.5017443877922215,-12.950969136005652,0.0
18,0.09500000000000001,Standing,0.4516059475372711,0.3333021043142183,0.0,0.0,0.205083357374229,-0.2561701416011565,0.0,-0.0,0.26120428316032185,0.28546480912650113,-190.7561903813733,0.0,0.2134635206818717,-0.4370246626513712,0.0,-0.0,0.4075704512207203,-0.14536099141889733,0.0,-0.0,0.2343725441907114,0.33494904577635837,-233.8430821371881,0.0,0.4188979721089142,-0.45320137266522437,0.0,-0.0,0.28594826641194465,-0.2965294013571096,0.0,-0.0,0.3090038268086548,0.2747185581107109,0.0,0.0,0.4552726333882619,0.3917497570042617,0.0,0.0,0.1990430485136628,-0.19507805376964982,0.0,-0.0,0.26551568869083686,0.26517622254475054,-325.6931395726692,0.0,0.21181904280682806,-0.3818364285980629,0.0,-0.0,0.4070078832214034,-0.1798216335011522,0.0,-0.0,0.24022932639632272,0.19350396128815792,-538.941701405258,0.0,0.3951384012754016,-0.7721870355544894,0.0,-0.0,0.26587148550937434,-0.6549920871068595,0.0,-0.0,0.32580529936654634,0.4997140867194937,-39.854680494114376,0.0
19,0.10000000000000002,Standing,0.4532401314839287,0.32044958981115,0.0,0.0,0.20392417718380457,-0.22977609240805566,0.0,-0.0,0.26254843020634333,0.2610971568905206,-228.97559781289178,0.0,0.21149695906953722,-0.374613998656103,0.0,-0.0,0.40682317732764905,-0.14290958676104876,0.0,-0.0,0.2357880538372197,0.28045205265216,-296.0739983478842,0.0,0.4166522966687552,-0.45258369644452123,0.0,-0.0,0.2844019154327682,-0.3104872550059543,0.0,-0.0,0.3104237466805204,0.2825936847346846,0.0,0.0,0.4571675047573259,0.3673796586467245,0.0,0.0,0.19819085754903137,-0.16709638986741845,0.0,-0.0,0.26675030322646764,0.23616237740870877,-370.94197676794704,0.0,0.21011387433417633,-0.3259941193993387,0.0,-0.0,0.406031816415258,-0.18342578764375178,0.0,-0.0,0.24087685269323145,0.12793968523461055,-580.3795370257297,0.0,0.39141810767211405,-0.7407308960110903,0.0,-0.0,0.2626226916987973,-0.6458875578739044,0.0,-0.0,0.3282531162492496,0.48072374910656757,-79.70317125416501,0.0
20,0.10500000000000002,Standing,0.4548079145786096,0.30693545501969993,0.0,0.0,0.20289066994410151,-0.20468524107594893,0.0,-0.0,0.2637759452432504,0.2381718847002249,-266.92530231188715,0.0,0.20982049489059723,-0.31601215092863333,0.0,-0.0,0.4060760779780798,-0.14274683113134803,0.0,-0.0,0.236926975769911,0.2256239496465633,-351.4691704939605,0.0,0.4144129339826679,-0.45080380711987345,0.0,-0.0,0.2827911643750539,-0.32329743044534254,0.0,-0.0,0.3118766693222909,0.2890282321422601,0.0,0.0,0.45892844762406043,0.34024525066990485,0.0,0.0,0.19745550066112788,-0.1442086101931675,0.0,-0.0,0.26784579533479874,0.2088545217346805,-413.5554981819217,0.0,0.20867578782162852,-0.27096862319489884,0.0,-0.0,0.4050544465943985,-0.183273214571293,0.0,-0.0,0.24126472655156417,0.076475427327056,-605.9360829215802,0.0,0.3879904522983122,-0.6809371442342769,0.0,-0.0,0.25957451290649386,-0.6047653077178823,0.0,-0.0,0.33049728651381166,0.44054061454892457,-128.24990407302755,0.0
21,0.11000000000000003,Standing,0.4563068544464813,0.29297716922283146,0.0,0.0,0.2019757176499639,-0.18110538473158916,0.0,-0.0,0.2648940783182089,0.21668775933788387,-304.02459896346693,0.0,0.208414518917748,-0.26205835398845156,0.0,-0.0,0.4053226353926737,-0.14388374408697224,0.0,-0.0,0.23780471722003055,0.17382204698931275,-397.40030138724984,0.0,0.4121827236621384,-0.44846019760330036,0.0,-0.0,0.2811197251018803,-0.3353343851811563,0.0,-0.0,0.31335748661563,0.2944363712684325,0.0,0.0,0.4605436221310101,0.31096391849723404,0.0,0.0,0.19681200672567145,-0.12625077131721782,0.0,-0.0,0.2688107340567628,0.18325758785668153,-453.00944231939314,0.0,0.20749348679591567,-0.21949480400430282,0.0,-0.0,0.40409963718063086,-0.17852228818429117,0.0,-0.0,0.2414681798005551,0.039922637679149206,-619.5615335374074,0.0,0.3850105267046292,-0.5914076243428571,0.0,-0.0,0.2569051430202304,-0.5290031901290754,0.0,-0.0,0.3324247639832162,0.3787150236845719,-179.11967507272053,0.0
22,0.11500000000000003,Standing,0.4577355560445084,0.278790288486893,0.0,0.0,0.20117135021573967,-0.15917682011302678,0.0,-0.0,0.2659100544764316,0.19663509298943704,-339.8269110608459,0.0,0.20725509684184626,-0.21366370783608787,0.0,-0.0,0.40456034544071334,-0.14554394142854532,0.0,-0.0,0.23844940317015167,0.1275828127159388,-432.93205858410136,0.0,0.40996235321628366,-0.4459878946809342,0.0,-0.0,0.27938999997587444,-0.3468607951340318,0.0,-0.0,0.3148625483709695,0.29910728932169667,0.0,0.0,0.4620060319289875,0.2804703243403394,0.0,0.0,0.19623854448392222,-0.11257395331917157,0.0,-0.0,0.26965381100010105,0.15938637709059283,-488.9518706462562,0.0,0.2065441363856211,-0.1736907752323099,0.0,-0.0,0.40319104995161364,-0.1691906543940389,0.0,-0.0,0.241556109475533,0.017050774104088298,-625.4971504679716,0.0,0.38261380010294893,-0.47605607343462,0.0,-0.0,0.2547761701743817,-0.4220184328893246,0.0,-0.0,0.33393907309590554,0.29828561687048005,-225.03154330429595,0.0
23,0.12000000000000004,Standing,0.45909366352261477,0.26458454079842386,0.0,0.0,0.20046915459200845,-0.1389622272334638,0.0,-0.0,0.2668309539934985,0.17798130164064457,-374.0002172050213,0.0,0.2063142206785544,-0.17150722347823497,0.0,-0.0,0.4037895554001601,-0.14717156601647582,0.0,-0.0,0.23889663819648888,0.0884010793550016,-458.47501929006705,0.0,0.40775059296657157,-0.4437703083281369,0.0,-0.0,0.2776034459931859,-0.35806495768126095,0.0,-0.0,0.31638924811797753,0.3032472341917904,0.0,0.0,0.4633144810687411,0.24987527938418033,0.0,0.0,0.1957185161517926,-0.10213406793168185,0.0,-0.0,0.27038368953967884,0.13722540918026632,-521.1763817447654,0.0,0.20579735264427576,-0.13467338602348855,0.0,-0.0,0.40234845758494503,-0.1560230030255792,0.0,-0.0,0.24158399778199185,0.005211872936371112,-627.3856372972242,0.0,0.3808961122514151,-0.34218732977123945,0.0,-0.0,0.25330803523878986,-0.2915655794162823,0.0,-0.0,0.3349724674387412,0.20439519795701205,-259.3664982027297,0.0
24,0.12500000000000003,Standing,0.46035379065431475,0.2450421246414992,0.0,0.0,0.19982187893907877,-0.12809163737235646,0.0,-0.0,0.26766553341759275,0.16103090782422624,-406.3842696829027,0.0,0.20556049064236037,-0.13593528113846554,0.0,-0.0,0.403046409936463,-0.14162556162642187,0.0,-0.0,0.23922311808783248,0.06440917365299625,-477.5835501488441,0.0,0.40582479744880484,-0.38616490250733887,0.0,-0.0,0.2760615214921051,-0.30879527998231193,0.0,-0.0,0.3176852577410922,0.2576019070920883,0.0,0.0,0.46447284014176815,0.2201471415058756,0.0,0.0,0.19524102224181172,-0.0938060103470586,0.0,-0.0,0.27100866353967934,0.11669589500290466,-549.5865058558664,0.0,0.2052201740953697,-0.1025477276257149,0.0,-0.0,0.4015861794989645,-0.14008078183926806,0.0,-0.0,0.24159116761306823,0.0012006647488462807,-627.8716101441456,0.0,0.37990849753331646,-0.1978055176782735,0.0,-0.0,0.25257102776471024,-0.14683898074419466,0.0,-0.0,0.33548811153686975,0.10253514817953481,-277.41029909578236,0.0
25,0.13000000000000003,Standing,0.46152461446463156,0.22726043489435357,0.0,0.0,0.19922650759096222,-0.11780668838678056,0.0,-0.0,0.2684209740067893,0.1454798237173617,-436.85676405252946,0.0,0.20496380004508752,-0.10646973841755278,0.0,-0.0,0.4023372481993592,-0.13481540465912173,0.0,-0.0,0.23946719147356804,0.04806128883125122,-492.123755095489,0.0,0.4041080153257598,-0.3441263356937725,0.0,-0.0,0.274693253397499,-0.27387217377019574,0.0,-0.0,0.31881924875647266,0.22550924578148704,0.0,0.0,0.46549033349894375,0.19230590615057808,0.0,0.0,0.19480176492862714,-0.08629725376115932,0.0,-0.0,0.2715365991837608,0.0977068912799727,-574.1728757935197,0.0,0.2047807559395844,-0.07678010598958447,0.0,-0.0,0.40091082786124294,-0.12287351043867685,0.0,-0.0,0.24159987386696866,0.0016218994581363722,-628.4619750340313,0.0,0.3796602288550785,-0.05047341647399615,0.0,-0.0,0.2525848999271717,0.002774636023776742,0.0,-0.0,0.33547842449196186,-0.0019376213687068435,-277.0657309257166,0.0
26,0.13500000000000004,Standing,0.4626093596401632,0.21014358352591025,0.0,0.0,0.19867449311649865,-0.10920313404622287,0.0,-0.0,0.269103783865288,0.13119320247273822,-465.3473099674326,0.0,0.20449643171137832,-0.08244163882790437,0.0,-0.0,0.4016700152292405,-0.12642223343723427,0.0,-0.0,0.23966234257850588,0.03838040901269571,-503.90636852073646,0.0,0.4025615553240373,-0.30992496204862335,0.0,-0.0,0.2734676482318808,-0.24522116778352565,0.0,-0.0,0.3198226741514916,0.19962957575433046,0.0,0.0,0.46637916425966414,0.16691351775418173,0.0,0.0,0.19440117930798229,-0.0786872523414208,0.0,-0.0,0.27197467465771613,0.0801215289679438,-594.9828079319133,0.0,0.20445098354129138,-0.056451893221161564,0.0,-0.0,0.4003226400469362,-0.10565651534057216,0.0,-0.0,0.24161848719202159,0.0037065045901856913,-629.7250619319341,0.0,0.380125420676666,0.09297512829704502,0.0,-0.0,0.2533252443053043,0.14862772913544814,0.0,0.0,0.33496040286484413,-0.10420168956076052,-258.9515894357339,0.0
27,0.14000000000000004,Standing,0.4636082728025857,0.1930905261061981,0.0,0.0,0.19815439915176575,-0.10284906649095199,0.0,-0.0,0.2697198609916279,0.11804765842344332,-491.8256956184802,0.0,0.20413416614861216,-0.06304062789581291,0.0,-0.0,0.4010542024921096,-0.11613110749521657,0.0,-0.0,0.23983696027234824,0.03434869631599896,-514.5673993371857,0.0,0.4011764974960076,-0.27758198446805354,0.0,-0.0,0.27238459075948807,-0.21663713349022667,0.0,-0.0,0.3207000247927611,0.17463067746397426,-0.7394575311533503,0.0,0.4671529968085062,0.14423613295221144,0.0,0.0,0.19404274910655178,-0.07038925585893474,0.0,-0.0,0.27232939757843616,0.06380696622213403,-612.1046485228319,0.0,0.20420741918581928,-0.04055938355544603,0.0,-0.0,0.3998167365516936,-0.08943765385261157,0.0,-0.0,0.24164542024733235,0.005462523028558708,-631.5549645896793,0.0,0.381244358398972,0.2253310014139206,0.0,0.0,0.25472585298061884,0.2819460752792524,0.0,0.0,0.3339746324878562,-0.19922371257692478,-226.1725362621074,0.0
28,0.14500000000000005,Standing,0.4645137603479681,0.1745508935828831,0.0,0.0,0.19764231433352022,-0.1011772486822088,0.0,-0.0,0.27027554567358314,0.10610967059624396,-516.3368840005866,0.0,0.20385665816404558,-0.04741586630867217,0.0,-0.0,0.4005129527862692,-0.10118830956756043,0.0,-0.0,0.2400291404974679,0.037891040803245145,-526.4296850491133,0.0,0.3999557774293717,-0.24474924327694514,0.0,-0.0,0.27146364333884787,-0.18417493351666542,0.0,-0.0,0.3214393466710025,0.14724766195839614,-2.721230183791399,0.0,0.4678252926038478,0.12421615185793929,0.0,0.0,0.19373090832592166,-0.061227433719986624,0.0,-0.0,0.27260665582923865,0.04863975130031726,-625.6565161133192,0.0,0.20403136462495333,-0.028148143194221393,0.0,-0.0,0.3993851776865045,-0.07481631307545483,0.0,-0.0,0.24167359069518807,0.005784741909962032,-633.4717795947405,0.0,0.3829216842493336,0.3386750506639993,0.0,0.0,0.2566794406857013,0.39379034709801713,0.0,0.0,0.3325862315988711,-0.28152067329275965,-183.76593908993974,0.0
29,0.15000000000000005,Standing,0.46532761429355285,0.1563767879436903,0.0,0.0,0.19713084443113743,-0.10092931555900295,0.0,-0.0,0.27077504961493387,0.09497407741049056,-538.8786261209702,0.0,0.2036476740389009,-0.03479671186521019,0.0,-0.0,0.4000542680282718,-0.08462505127710335,0.0,-0.0,0.24025189548669296,0.044029017643010905,-540.3483379041817,0.0,0.39887918934611033,-0.21601036260933126,0.0,-0.0,0.2706917816537344,-0.15434232378503895,0.0,-0.0,0.32205435760744366,0.12256304611726353,-5.320089332879034,0.0,0.46840836554911097,0.10661287477233089,-0.01966474348593322,0.0,0.1934697334623732,-0.05127916035776027,0.0,-0.0,0.27281175877430536,0.034502731770316604,-635.7770481882606,0.0,0.20390828071422593,-0.018406757912063965,0.0,-0.0,0.39901852625184103,-0.06207959902085902,0.0,-0.0,0.2416941115016906,0.004303668018682684,-634.8699149370797,0.0,0.38502688351954895,0.4252792811390377,0.0,0.0,0.25904108878912663,0.47602859259659697,0.0,0.0,0.33088516135974555,-0.34552175941366464,-137.8053274709976,0.0
